-- phpMyAdmin SQL Dump
-- version 4.8.2
-- https://www.phpmyadmin.net/
--
-- Host: 127.0.0.1
-- Generation Time: Jul 18, 2018 at 09:41 AM
-- Server version: 10.1.34-MariaDB
-- PHP Version: 7.2.7

SET SQL_MODE = "NO_AUTO_VALUE_ON_ZERO";
SET AUTOCOMMIT = 0;
START TRANSACTION;
SET time_zone = "+00:00";


/*!40101 SET @OLD_CHARACTER_SET_CLIENT=@@CHARACTER_SET_CLIENT */;
/*!40101 SET @OLD_CHARACTER_SET_RESULTS=@@CHARACTER_SET_RESULTS */;
/*!40101 SET @OLD_COLLATION_CONNECTION=@@COLLATION_CONNECTION */;
/*!40101 SET NAMES utf8mb4 */;

--
-- Database: `test`
--

-- --------------------------------------------------------

--
-- Table structure for table `batch_job_execution`
--

CREATE TABLE `batch_job_execution` (
  `JOB_EXECUTION_ID` bigint(20) NOT NULL,
  `VERSION` bigint(20) DEFAULT NULL,
  `JOB_INSTANCE_ID` bigint(20) NOT NULL,
  `CREATE_TIME` datetime NOT NULL,
  `START_TIME` datetime DEFAULT NULL,
  `END_TIME` datetime DEFAULT NULL,
  `STATUS` varchar(10) DEFAULT NULL,
  `EXIT_CODE` varchar(2500) DEFAULT NULL,
  `EXIT_MESSAGE` varchar(2500) DEFAULT NULL,
  `LAST_UPDATED` datetime DEFAULT NULL,
  `JOB_CONFIGURATION_LOCATION` varchar(2500) DEFAULT NULL
) ENGINE=InnoDB DEFAULT CHARSET=latin1;

--
-- Dumping data for table `batch_job_execution`
--

INSERT INTO `batch_job_execution` (`JOB_EXECUTION_ID`, `VERSION`, `JOB_INSTANCE_ID`, `CREATE_TIME`, `START_TIME`, `END_TIME`, `STATUS`, `EXIT_CODE`, `EXIT_MESSAGE`, `LAST_UPDATED`, `JOB_CONFIGURATION_LOCATION`) VALUES
(1, 2, 1, '2018-07-17 12:34:16', '2018-07-17 12:34:17', '2018-07-17 12:34:17', 'FAILED', 'FAILED', '', '2018-07-17 12:34:17', NULL),
(2, 2, 1, '2018-07-17 12:45:28', '2018-07-17 12:45:29', '2018-07-17 12:45:29', 'FAILED', 'FAILED', '', '2018-07-17 12:45:29', NULL),
(3, 2, 1, '2018-07-17 12:59:27', '2018-07-17 12:59:28', '2018-07-17 12:59:28', 'FAILED', 'FAILED', '', '2018-07-17 12:59:28', NULL),
(4, 2, 1, '2018-07-17 13:05:55', '2018-07-17 13:05:56', '2018-07-17 13:05:56', 'FAILED', 'FAILED', '', '2018-07-17 13:05:56', NULL),
(5, 2, 1, '2018-07-17 13:37:57', '2018-07-17 13:37:58', '2018-07-17 13:37:59', 'FAILED', 'FAILED', '', '2018-07-17 13:37:59', NULL),
(6, 2, 1, '2018-07-17 13:50:24', '2018-07-17 13:50:25', '2018-07-17 13:50:26', 'FAILED', 'FAILED', '', '2018-07-17 13:50:26', NULL),
(7, 2, 1, '2018-07-17 13:56:41', '2018-07-17 13:56:43', '2018-07-17 13:56:43', 'FAILED', 'FAILED', '', '2018-07-17 13:56:43', NULL),
(8, 2, 1, '2018-07-17 14:15:20', '2018-07-17 14:15:20', '2018-07-17 14:15:21', 'FAILED', 'FAILED', '', '2018-07-17 14:15:21', NULL),
(9, 2, 1, '2018-07-17 14:21:45', '2018-07-17 14:21:45', '2018-07-17 14:21:46', 'FAILED', 'FAILED', '', '2018-07-17 14:21:46', NULL),
(10, 2, 1, '2018-07-17 14:25:26', '2018-07-17 14:25:26', '2018-07-17 14:25:27', 'FAILED', 'FAILED', '', '2018-07-17 14:25:27', NULL),
(11, 2, 1, '2018-07-17 17:11:28', '2018-07-17 17:11:28', '2018-07-17 17:11:29', 'FAILED', 'FAILED', '', '2018-07-17 17:11:29', NULL),
(12, 2, 1, '2018-07-17 17:12:56', '2018-07-17 17:12:56', '2018-07-17 17:13:25', 'FAILED', 'FAILED', '', '2018-07-17 17:13:25', NULL),
(13, 2, 1, '2018-07-17 17:16:08', '2018-07-17 17:16:08', '2018-07-17 17:16:18', 'FAILED', 'FAILED', '', '2018-07-17 17:16:18', NULL),
(14, 2, 1, '2018-07-17 17:21:47', '2018-07-17 17:21:47', '2018-07-17 17:22:05', 'FAILED', 'FAILED', '', '2018-07-17 17:22:05', NULL),
(15, 2, 1, '2018-07-17 17:24:11', '2018-07-17 17:24:11', '2018-07-17 17:24:23', 'FAILED', 'FAILED', '', '2018-07-17 17:24:23', NULL),
(16, 2, 1, '2018-07-17 17:38:34', '2018-07-17 17:38:35', '2018-07-17 17:38:44', 'FAILED', 'FAILED', '', '2018-07-17 17:38:44', NULL),
(17, 2, 1, '2018-07-17 17:52:17', '2018-07-17 17:52:18', '2018-07-17 17:52:31', 'FAILED', 'FAILED', '', '2018-07-17 17:52:31', NULL),
(18, 2, 1, '2018-07-17 18:21:03', '2018-07-17 18:21:03', '2018-07-17 18:21:22', 'FAILED', 'FAILED', '', '2018-07-17 18:21:22', NULL),
(19, 2, 1, '2018-07-17 18:33:59', '2018-07-17 18:33:59', '2018-07-17 18:34:18', 'FAILED', 'FAILED', '', '2018-07-17 18:34:18', NULL),
(20, 2, 1, '2018-07-17 18:37:30', '2018-07-17 18:37:31', '2018-07-17 18:37:43', 'FAILED', 'FAILED', '', '2018-07-17 18:37:43', NULL),
(21, 2, 1, '2018-07-17 23:03:20', '2018-07-17 23:03:21', '2018-07-17 23:03:36', 'FAILED', 'FAILED', '', '2018-07-17 23:03:36', NULL),
(22, 2, 1, '2018-07-17 23:07:13', '2018-07-17 23:07:14', '2018-07-17 23:07:28', 'FAILED', 'FAILED', '', '2018-07-17 23:07:28', NULL),
(23, 2, 1, '2018-07-17 23:08:43', '2018-07-17 23:08:43', '2018-07-17 23:08:56', 'FAILED', 'FAILED', '', '2018-07-17 23:08:56', NULL),
(24, 2, 1, '2018-07-17 23:09:58', '2018-07-17 23:09:58', '2018-07-17 23:10:15', 'FAILED', 'FAILED', '', '2018-07-17 23:10:15', NULL),
(25, 2, 1, '2018-07-17 23:11:43', '2018-07-17 23:11:43', '2018-07-17 23:14:45', 'FAILED', 'FAILED', '', '2018-07-17 23:14:45', NULL),
(26, 1, 1, '2018-07-17 23:16:46', '2018-07-17 23:16:46', NULL, 'STARTED', 'UNKNOWN', '', '2018-07-17 23:16:46', NULL),
(27, 2, 2, '2018-07-17 23:20:04', '2018-07-17 23:20:04', '2018-07-17 23:21:19', 'COMPLETED', 'COMPLETED', '', '2018-07-17 23:21:19', NULL),
(28, 2, 3, '2018-07-17 23:22:38', '2018-07-17 23:22:39', '2018-07-17 23:23:22', 'COMPLETED', 'COMPLETED', '', '2018-07-17 23:23:22', NULL),
(29, 2, 4, '2018-07-17 23:25:52', '2018-07-17 23:25:53', '2018-07-17 23:26:41', 'COMPLETED', 'COMPLETED', '', '2018-07-17 23:26:41', NULL),
(30, 2, 5, '2018-07-17 23:28:13', '2018-07-17 23:28:13', '2018-07-17 23:28:47', 'COMPLETED', 'COMPLETED', '', '2018-07-17 23:28:47', NULL),
(31, 2, 6, '2018-07-17 23:29:52', '2018-07-17 23:29:52', '2018-07-17 23:30:31', 'COMPLETED', 'COMPLETED', '', '2018-07-17 23:30:31', NULL),
(32, 2, 7, '2018-07-17 23:31:20', '2018-07-17 23:31:20', '2018-07-17 23:32:02', 'COMPLETED', 'COMPLETED', '', '2018-07-17 23:32:02', NULL),
(33, 2, 8, '2018-07-17 23:32:54', '2018-07-17 23:32:55', '2018-07-17 23:33:34', 'COMPLETED', 'COMPLETED', '', '2018-07-17 23:33:34', NULL),
(34, 2, 9, '2018-07-18 01:22:26', '2018-07-18 01:22:27', '2018-07-18 01:23:38', 'FAILED', 'FAILED', '', '2018-07-18 01:23:38', NULL),
(35, 2, 9, '2018-07-18 10:02:52', '2018-07-18 10:02:52', '2018-07-18 10:03:13', 'COMPLETED', 'COMPLETED', '', '2018-07-18 10:03:13', NULL),
(36, 2, 10, '2018-07-18 10:05:42', '2018-07-18 10:05:43', '2018-07-18 10:06:06', 'COMPLETED', 'COMPLETED', '', '2018-07-18 10:06:06', NULL),
(37, 2, 11, '2018-07-18 10:16:03', '2018-07-18 10:16:03', '2018-07-18 10:16:38', 'FAILED', 'FAILED', '', '2018-07-18 10:16:38', NULL),
(38, 2, 11, '2018-07-18 10:17:40', '2018-07-18 10:17:40', '2018-07-18 10:18:21', 'COMPLETED', 'COMPLETED', '', '2018-07-18 10:18:21', NULL),
(39, 2, 12, '2018-07-18 10:18:52', '2018-07-18 10:18:52', '2018-07-18 10:19:17', 'COMPLETED', 'COMPLETED', '', '2018-07-18 10:19:17', NULL);

-- --------------------------------------------------------

--
-- Table structure for table `batch_job_execution_context`
--

CREATE TABLE `batch_job_execution_context` (
  `JOB_EXECUTION_ID` bigint(20) NOT NULL,
  `SHORT_CONTEXT` varchar(2500) NOT NULL,
  `SERIALIZED_CONTEXT` text
) ENGINE=InnoDB DEFAULT CHARSET=latin1;

--
-- Dumping data for table `batch_job_execution_context`
--

INSERT INTO `batch_job_execution_context` (`JOB_EXECUTION_ID`, `SHORT_CONTEXT`, `SERIALIZED_CONTEXT`) VALUES
(1, '{}', NULL),
(2, '{}', NULL),
(3, '{}', NULL),
(4, '{}', NULL),
(5, '{}', NULL),
(6, '{}', NULL),
(7, '{}', NULL),
(8, '{}', NULL),
(9, '{}', NULL),
(10, '{}', NULL),
(11, '{}', NULL),
(12, '{}', NULL),
(13, '{}', NULL),
(14, '{}', NULL),
(15, '{}', NULL),
(16, '{}', NULL),
(17, '{}', NULL),
(18, '{}', NULL),
(19, '{}', NULL),
(20, '{}', NULL),
(21, '{}', NULL),
(22, '{}', NULL),
(23, '{}', NULL),
(24, '{}', NULL),
(25, '{}', NULL),
(26, '{}', NULL),
(27, '{}', NULL),
(28, '{}', NULL),
(29, '{}', NULL),
(30, '{}', NULL),
(31, '{}', NULL),
(32, '{}', NULL),
(33, '{}', NULL),
(34, '{}', NULL),
(35, '{}', NULL),
(36, '{}', NULL),
(37, '{}', NULL),
(38, '{}', NULL),
(39, '{}', NULL);

-- --------------------------------------------------------

--
-- Table structure for table `batch_job_execution_params`
--

CREATE TABLE `batch_job_execution_params` (
  `JOB_EXECUTION_ID` bigint(20) NOT NULL,
  `TYPE_CD` varchar(6) NOT NULL,
  `KEY_NAME` varchar(100) NOT NULL,
  `STRING_VAL` varchar(250) DEFAULT NULL,
  `DATE_VAL` datetime DEFAULT NULL,
  `LONG_VAL` bigint(20) DEFAULT NULL,
  `DOUBLE_VAL` double DEFAULT NULL,
  `IDENTIFYING` char(1) NOT NULL
) ENGINE=InnoDB DEFAULT CHARSET=latin1;

--
-- Dumping data for table `batch_job_execution_params`
--

INSERT INTO `batch_job_execution_params` (`JOB_EXECUTION_ID`, `TYPE_CD`, `KEY_NAME`, `STRING_VAL`, `DATE_VAL`, `LONG_VAL`, `DOUBLE_VAL`, `IDENTIFYING`) VALUES
(1, 'LONG', 'run.id', '', '1970-01-01 03:00:00', 1, 0, 'Y'),
(2, 'LONG', 'run.id', '', '1970-01-01 03:00:00', 1, 0, 'Y'),
(3, 'LONG', 'run.id', '', '1970-01-01 03:00:00', 1, 0, 'Y'),
(4, 'LONG', 'run.id', '', '1970-01-01 03:00:00', 1, 0, 'Y'),
(5, 'LONG', 'run.id', '', '1970-01-01 03:00:00', 1, 0, 'Y'),
(6, 'LONG', 'run.id', '', '1970-01-01 03:00:00', 1, 0, 'Y'),
(7, 'LONG', 'run.id', '', '1970-01-01 03:00:00', 1, 0, 'Y'),
(8, 'LONG', 'run.id', '', '1970-01-01 03:00:00', 1, 0, 'Y'),
(9, 'LONG', 'run.id', '', '1970-01-01 03:00:00', 1, 0, 'Y'),
(10, 'LONG', 'run.id', '', '1970-01-01 03:00:00', 1, 0, 'Y'),
(11, 'LONG', 'run.id', '', '1970-01-01 03:00:00', 1, 0, 'Y'),
(12, 'LONG', 'run.id', '', '1970-01-01 03:00:00', 1, 0, 'Y'),
(13, 'LONG', 'run.id', '', '1970-01-01 03:00:00', 1, 0, 'Y'),
(14, 'LONG', 'run.id', '', '1970-01-01 03:00:00', 1, 0, 'Y'),
(15, 'LONG', 'run.id', '', '1970-01-01 03:00:00', 1, 0, 'Y'),
(16, 'LONG', 'run.id', '', '1970-01-01 03:00:00', 1, 0, 'Y'),
(17, 'LONG', 'run.id', '', '1970-01-01 03:00:00', 1, 0, 'Y'),
(18, 'LONG', 'run.id', '', '1970-01-01 03:00:00', 1, 0, 'Y'),
(19, 'LONG', 'run.id', '', '1970-01-01 03:00:00', 1, 0, 'Y'),
(20, 'LONG', 'run.id', '', '1970-01-01 03:00:00', 1, 0, 'Y'),
(21, 'LONG', 'run.id', '', '1970-01-01 03:00:00', 1, 0, 'Y'),
(22, 'LONG', 'run.id', '', '1970-01-01 03:00:00', 1, 0, 'Y'),
(23, 'LONG', 'run.id', '', '1970-01-01 03:00:00', 1, 0, 'Y'),
(24, 'LONG', 'run.id', '', '1970-01-01 03:00:00', 1, 0, 'Y'),
(25, 'LONG', 'run.id', '', '1970-01-01 03:00:00', 1, 0, 'Y'),
(26, 'LONG', 'run.id', '', '1970-01-01 03:00:00', 1, 0, 'Y'),
(27, 'LONG', 'run.id', '', '1970-01-01 03:00:00', 2, 0, 'Y'),
(28, 'LONG', 'run.id', '', '1970-01-01 03:00:00', 3, 0, 'Y'),
(29, 'LONG', 'run.id', '', '1970-01-01 03:00:00', 4, 0, 'Y'),
(30, 'LONG', 'run.id', '', '1970-01-01 03:00:00', 5, 0, 'Y'),
(31, 'LONG', 'run.id', '', '1970-01-01 03:00:00', 6, 0, 'Y'),
(32, 'LONG', 'run.id', '', '1970-01-01 03:00:00', 7, 0, 'Y'),
(33, 'LONG', 'run.id', '', '1970-01-01 03:00:00', 8, 0, 'Y'),
(34, 'LONG', 'run.id', '', '1970-01-01 03:00:00', 9, 0, 'Y'),
(35, 'LONG', 'run.id', '', '1970-01-01 03:00:00', 9, 0, 'Y'),
(36, 'LONG', 'run.id', '', '1970-01-01 03:00:00', 10, 0, 'Y'),
(37, 'LONG', 'run.id', '', '1970-01-01 03:00:00', 11, 0, 'Y'),
(38, 'LONG', 'run.id', '', '1970-01-01 03:00:00', 11, 0, 'Y'),
(39, 'LONG', 'run.id', '', '1970-01-01 03:00:00', 12, 0, 'Y');

-- --------------------------------------------------------

--
-- Table structure for table `batch_job_execution_seq`
--

CREATE TABLE `batch_job_execution_seq` (
  `ID` bigint(20) NOT NULL,
  `UNIQUE_KEY` char(1) NOT NULL
) ENGINE=MyISAM DEFAULT CHARSET=latin1;

--
-- Dumping data for table `batch_job_execution_seq`
--

INSERT INTO `batch_job_execution_seq` (`ID`, `UNIQUE_KEY`) VALUES
(39, '');

-- --------------------------------------------------------

--
-- Table structure for table `batch_job_instance`
--

CREATE TABLE `batch_job_instance` (
  `JOB_INSTANCE_ID` bigint(20) NOT NULL,
  `VERSION` bigint(20) DEFAULT NULL,
  `JOB_NAME` varchar(100) NOT NULL,
  `JOB_KEY` varchar(32) NOT NULL
) ENGINE=InnoDB DEFAULT CHARSET=latin1;

--
-- Dumping data for table `batch_job_instance`
--

INSERT INTO `batch_job_instance` (`JOB_INSTANCE_ID`, `VERSION`, `JOB_NAME`, `JOB_KEY`) VALUES
(1, 0, 'importUserJob', '853d3449e311f40366811cbefb3d93d7'),
(2, 0, 'importUserJob', 'e070bff4379694c0210a51d9f6c6a564'),
(3, 0, 'importUserJob', 'a3364faf893276dea0caacefbf618db5'),
(4, 0, 'importUserJob', '47c0a8118b74165a864b66d37c7b6cf5'),
(5, 0, 'importUserJob', 'ce148f5f9c2bf4dc9bd44a7a5f64204c'),
(6, 0, 'importUserJob', 'bd0034040292bc81e6ccac0e25d9a578'),
(7, 0, 'importUserJob', '597815c7e4ab1092c1b25130aae725cb'),
(8, 0, 'importUserJob', 'f55a96b11012be4fcfb6cf005435182d'),
(9, 0, 'importUserJob', '96a5ed9bac43e779455f3e71c0f64840'),
(10, 0, 'importUserJob', '1aac4f3e74894b78fa3ce5d8a25e1ef0'),
(11, 0, 'importUserJob', '604bbfc4c68cb1f903780c2853ad4801'),
(12, 0, 'importUserJob', '556ebe34220b4032509f2581356ba47c');

-- --------------------------------------------------------

--
-- Table structure for table `batch_job_params`
--

CREATE TABLE `batch_job_params` (
  `JOB_INSTANCE_ID` bigint(20) NOT NULL,
  `TYPE_CD` varchar(6) NOT NULL,
  `KEY_NAME` varchar(100) NOT NULL,
  `STRING_VAL` varchar(250) DEFAULT NULL,
  `DATE_VAL` datetime DEFAULT NULL,
  `LONG_VAL` bigint(20) DEFAULT NULL,
  `DOUBLE_VAL` double DEFAULT NULL
) ENGINE=InnoDB DEFAULT CHARSET=latin1;

-- --------------------------------------------------------

--
-- Table structure for table `batch_job_seq`
--

CREATE TABLE `batch_job_seq` (
  `ID` bigint(20) NOT NULL,
  `UNIQUE_KEY` char(1) NOT NULL
) ENGINE=MyISAM DEFAULT CHARSET=latin1;

--
-- Dumping data for table `batch_job_seq`
--

INSERT INTO `batch_job_seq` (`ID`, `UNIQUE_KEY`) VALUES
(12, '');

-- --------------------------------------------------------

--
-- Table structure for table `batch_step_execution`
--

CREATE TABLE `batch_step_execution` (
  `STEP_EXECUTION_ID` bigint(20) NOT NULL,
  `VERSION` bigint(20) NOT NULL,
  `STEP_NAME` varchar(100) NOT NULL,
  `JOB_EXECUTION_ID` bigint(20) NOT NULL,
  `START_TIME` datetime NOT NULL,
  `END_TIME` datetime DEFAULT NULL,
  `STATUS` varchar(10) DEFAULT NULL,
  `COMMIT_COUNT` bigint(20) DEFAULT NULL,
  `READ_COUNT` bigint(20) DEFAULT NULL,
  `FILTER_COUNT` bigint(20) DEFAULT NULL,
  `WRITE_COUNT` bigint(20) DEFAULT NULL,
  `READ_SKIP_COUNT` bigint(20) DEFAULT NULL,
  `WRITE_SKIP_COUNT` bigint(20) DEFAULT NULL,
  `PROCESS_SKIP_COUNT` bigint(20) DEFAULT NULL,
  `ROLLBACK_COUNT` bigint(20) DEFAULT NULL,
  `EXIT_CODE` varchar(2500) DEFAULT NULL,
  `EXIT_MESSAGE` varchar(2500) DEFAULT NULL,
  `LAST_UPDATED` datetime DEFAULT NULL,
  `JOB_CONFIGURATION_LOCATION` varchar(100) DEFAULT NULL
) ENGINE=InnoDB DEFAULT CHARSET=latin1;

--
-- Dumping data for table `batch_step_execution`
--

INSERT INTO `batch_step_execution` (`STEP_EXECUTION_ID`, `VERSION`, `STEP_NAME`, `JOB_EXECUTION_ID`, `START_TIME`, `END_TIME`, `STATUS`, `COMMIT_COUNT`, `READ_COUNT`, `FILTER_COUNT`, `WRITE_COUNT`, `READ_SKIP_COUNT`, `WRITE_SKIP_COUNT`, `PROCESS_SKIP_COUNT`, `ROLLBACK_COUNT`, `EXIT_CODE`, `EXIT_MESSAGE`, `LAST_UPDATED`, `JOB_CONFIGURATION_LOCATION`) VALUES
(1, 2, 'step1', 1, '2018-07-17 12:34:17', '2018-07-17 12:34:17', 'FAILED', 0, 0, 0, 0, 0, 0, 0, 1, 'FAILED', 'org.springframework.batch.item.file.FlatFileParseException: Parsing error at line: 1 in resource=[class path resource [100000RecordsFull.xlsx]], input=[PK\0\0\0\0\0!\0bîh^\0\0\0\0\0[Content_Types].xml ¢( \0\0\0\0\0\0\0\0\0\0\0\0\0\0\0\0\0\0\0\0\0\0\0\0\0\0\0\0\0\0\0\0\0\0\0\0\0\0\0\0\0\0\0\0\0\0\0\0\0\0\0\0\0\0\0\0\0\0\0\0\0\0\0\0\0\0\0\0\0\0\0\0\0\0\0\0\0\0\0\0\0\0\0\0\0\0\0\0\0\0\0\0\0\0\0\0\0\0\0\0\0\0\0\0\0\0\0\0\0\0\0\0\0\0\0\0\0\0\0\0\0\0\0\0\0\0\0\0\0\0\0\0\0\0\0\0\0\0\0\0\0\0\0\0\0\0\0\0\0\0\0\0\0\0\0\0\0\0\0\0\0\0\0\0\0\0\0\0\0\0\0\0\0\0\0\0\0\0\0\0\0\0\0\0\0\0\0\0\0\0\0\0\0\0\0\0\0\0\0\0\0\0\0\0\0\0\0\0\0\0\0\0\0\0\0\0\0\0\0\0\0\0\0\0\0\0\0\0\0\0\0\0\0\0\0\0\0\0\0\0\0\0\0\0\0\0\0\0\0\0\0\0\0\0\0\0\0\0\0\0\0\0\0\0\0\0\0\0\0\0\0\0\0\0\0\0\0\0\0\0\0\0\0\0\0\0\0\0\0\0\0\0\0\0\0\0\0\0\0\0\0\0\0\0\0\0\0\0\0\0\0\0\0\0\0\0\0\0\0\0\0\0\0\0\0\0\0\0\0\0\0\0\0\0\0\0\0\0\0\0\0\0\0\0\0\0\0\0\0\0\0\0\0\0\0\0\0\0\0\0\0\0\0\0\0\0\0\0\0\0\0\0\0\0\0\0\0\0\0\0\0\0\0\0\0\0\0\0\0\0\0\0\0\0\0\0\0\0\0\0\0\0\0\0\0\0\0\0\0\0\0\0\0\0\0\0\0\0\0\0\0\0\0\0\0\0\0\0\0\0\0\0\0\0\0\0\0\0\0\0\0\0\0\0\0\0\0\0\0\0\0\0\0\0\0\0\0\0\0\0\0\0\0\0\0\0\0\0\0\0\0\0\0\0\0\0\0\0\0\0\0\0\0\0\0\0\0\0\0\0\0\0\0\0\0\0\0\0\0\0\0\0\0\0\0\0\0\0\0\0\0\0\0¬”ËNÃ0E÷HüCä-JÜ²@5í‚Ç*Q>ÀÄ“Æªc[žiiÿž‰ûB¡j7±ÏÜ{2ñÍh²nm¶‚ˆÆ»R‹ÈÀU^7/ÅÇì%¿’rZYï @1__f›\0˜q·ÃR4DáAJ¬\Zh>€ãÚÇVßÆ¹ªZ¨9ÈÛÁàNVÞ8Ê©ÓãÑÔji){^óã-I‹\"{Üv^¥P!XS)bR¹rú—K¾s(¸3Õ`cÞ0†½ÝÎß»¾7M4\Z²©ŠôªZÆk+¿|\\|z¿(Ž‹ôPúº6h_-[ž@!‚ÒØ\0Pk‹´­2nÏ}Ä?£LËðÂ Ýû%áÄßdºždN\"m,à¥ÇžDO97*‚~§ÈÉ¸8ÀOíc|n¦ÑäEøÿöéºóÀBÉÀ!$}‡íàÈé;{ìÐå[ƒîñ–é2þ\0\0ÿÿ\0PK\0\0\0\0\0!\0µU0#ô\0\0\0L\0\0\0_rels/.rels ¢( \0\0\0\0\0\0\0\0\0\0\0\0\0\0\0\0\0\0\0\0\0\0\0\0\0\0\0\0\0\0\0\0\0\0\0\0\0\0\0\0\0\0\0\0\0\0\0\0\0\0\0\0\0\0\0\0\0\0\0\0\0\0\0\0\0\0\0\0\0\0\0\0\0\0\0\0\0\0\0\0\0\0\0\0\0\0\0\0\0\0\0\0\0\0\0\0\0\0\0\0\0\0\0\0\0\0\0\0\0\0\0\0\0\0\0\0\0\0\0\0\0\0\0\0\0\0\0\0\0\0\0\0\0\0\0\0\0\0\0\0\0\0\0\0\0\0\0\0\0\0\0\0\0\0\0\0\0\0\0\0\0\0\0\0\0\0\0\0\0\0\0\0\0\0\0\0\0\0\0\0\0\0\0\0\0\0\0\0\0\0\0\0\0\0\0\0\0\0\0\0\0\0\0\0\0\0\0\0\0\0\0\0\0\0\0\0\0\0\0\0\0\0\0\0\0\0\0\0\0\0\0\0\0\0\0\0\0\0\0\0\0\0\0\0\0\0\0\0\0\0\0\0\0\0\0\0\0\0\0\0\0\0\0\0\0\0\0\0\0\0\0\0\0\0\0\0\0\0\0\0\0\0\0\0\0\0\0\0\0\0\0\0\0\0\0\0\0\0\0\0\0\0\0\0\0\0\0\0\0\0\0\0\0\0\0\0\0\0\0\0\0\0\0\0\0\0\0\0\0\0\0\0\0\0\0\0\0\0\0\0\0\0\0\0\0\0\0\0\0\0\0\0\0\0\0\0\0\0\0\0\0\0\0\0\0\0\0\0\0\0\0\0\0\0\0\0\0\0\0\0\0\0\0\0\0\0\0\0\0\0\0\0\0\0\0\0\0\0\0\0\0\0\0\0\0\0\0\0\0\0\0\0\0\0\0\0\0\0\0\0\0\0\0\0\0\0\0\0\0\0\0\0\0\0\0\0\0\0\0\0\0\0\0\0\0\0\0\0\0\0\0\0\0\0\0\0\0\0\0\0\0\0\0\0\0\0\0\0\0\0\0\0\0\0\0\0\0\0\0\0\0\0\0\0\0\0\0\0\0\0\0\0\0\0\0\0\0\0\0\0\0\0\0\0\0\0\0\0\0\0\0\0\0¬’MOÃ0†ïHü‡È÷ÕÝBKwAH»!T~€IÜµ£$Ý¿\'T\ZƒG½~üÊÛÝ<êÈ!öâ4¬‹;#¶w­†—úqu*&r–Fq¬áÄvÕõÕö™GJy(v½*«¸¨¡KÉß#FÓñD±Ï.W\Z	¥†=™ZÆMYÞbø®ÕBSí­†°·7 ê“Ï›×–¦é]\r\n	at org.springframework.batch.item.file.FlatFileItemReader.doRead(FlatFileItemReader.java:184)\r\n	at org.springframework.batch.item.support.AbstractItemCountingItemStreamItemReader.read(AbstractItemCountingItemStreamItemReader.java:89)\r\n	at org.springframework.batch.core.step.item.SimpleChunkProvider.doRead(SimpleChunkProvider.java:91)\r\n	at org.springframework.batch.core.step.item.SimpleChunkProvider.read(SimpleChunkProvider.java:157)\r\n	at org.springframework.batch.core.step.item.SimpleChunkProvider$1.doInIteration(SimpleChunkProvider.java:116)\r\n	at org.springframework.batch.repeat.support.RepeatTemplate.getNextResult(RepeatTemplate.java:375)\r\n	at org.springframework.batch.repeat.support.RepeatTemplate', '2018-07-17 12:34:17', NULL),
(2, 2, 'step1', 2, '2018-07-17 12:45:29', '2018-07-17 12:45:29', 'FAILED', 0, 0, 0, 0, 0, 0, 0, 1, 'FAILED', 'org.springframework.batch.item.file.FlatFileParseException: Parsing error at line: 1 in resource=[class path resource [100000RecordsFull.xlsx]], input=[PK\0\0\0\0\0!\0bîh^\0\0\0\0\0[Content_Types].xml ¢( \0\0\0\0\0\0\0\0\0\0\0\0\0\0\0\0\0\0\0\0\0\0\0\0\0\0\0\0\0\0\0\0\0\0\0\0\0\0\0\0\0\0\0\0\0\0\0\0\0\0\0\0\0\0\0\0\0\0\0\0\0\0\0\0\0\0\0\0\0\0\0\0\0\0\0\0\0\0\0\0\0\0\0\0\0\0\0\0\0\0\0\0\0\0\0\0\0\0\0\0\0\0\0\0\0\0\0\0\0\0\0\0\0\0\0\0\0\0\0\0\0\0\0\0\0\0\0\0\0\0\0\0\0\0\0\0\0\0\0\0\0\0\0\0\0\0\0\0\0\0\0\0\0\0\0\0\0\0\0\0\0\0\0\0\0\0\0\0\0\0\0\0\0\0\0\0\0\0\0\0\0\0\0\0\0\0\0\0\0\0\0\0\0\0\0\0\0\0\0\0\0\0\0\0\0\0\0\0\0\0\0\0\0\0\0\0\0\0\0\0\0\0\0\0\0\0\0\0\0\0\0\0\0\0\0\0\0\0\0\0\0\0\0\0\0\0\0\0\0\0\0\0\0\0\0\0\0\0\0\0\0\0\0\0\0\0\0\0\0\0\0\0\0\0\0\0\0\0\0\0\0\0\0\0\0\0\0\0\0\0\0\0\0\0\0\0\0\0\0\0\0\0\0\0\0\0\0\0\0\0\0\0\0\0\0\0\0\0\0\0\0\0\0\0\0\0\0\0\0\0\0\0\0\0\0\0\0\0\0\0\0\0\0\0\0\0\0\0\0\0\0\0\0\0\0\0\0\0\0\0\0\0\0\0\0\0\0\0\0\0\0\0\0\0\0\0\0\0\0\0\0\0\0\0\0\0\0\0\0\0\0\0\0\0\0\0\0\0\0\0\0\0\0\0\0\0\0\0\0\0\0\0\0\0\0\0\0\0\0\0\0\0\0\0\0\0\0\0\0\0\0\0\0\0\0\0\0\0\0\0\0\0\0\0\0\0\0\0\0\0\0\0\0\0\0\0\0\0\0\0\0\0\0\0\0\0\0\0\0\0\0\0\0\0\0\0\0\0\0\0\0\0\0\0\0\0\0\0\0\0\0\0\0\0\0\0\0\0\0\0\0\0\0\0\0\0\0\0\0\0\0\0\0¬”ËNÃ0E÷HüCä-JÜ²@5í‚Ç*Q>ÀÄ“Æªc[žiiÿž‰ûB¡j7±ÏÜ{2ñÍh²nm¶‚ˆÆ»R‹ÈÀU^7/ÅÇì%¿’rZYï @1__f›\0˜q·ÃR4DáAJ¬\Zh>€ãÚÇVßÆ¹ªZ¨9ÈÛÁàNVÞ8Ê©ÓãÑÔji){^óã-I‹\"{Üv^¥P!XS)bR¹rú—K¾s(¸3Õ`cÞ0†½ÝÎß»¾7M4\Z²©ŠôªZÆk+¿|\\|z¿(Ž‹ôPúº6h_-[ž@!‚ÒØ\0Pk‹´­2nÏ}Ä?£LËðÂ Ýû%áÄßdºždN\"m,à¥ÇžDO97*‚~§ÈÉ¸8ÀOíc|n¦ÑäEøÿöéºóÀBÉÀ!$}‡íàÈé;{ìÐå[ƒîñ–é2þ\0\0ÿÿ\0PK\0\0\0\0\0!\0µU0#ô\0\0\0L\0\0\0_rels/.rels ¢( \0\0\0\0\0\0\0\0\0\0\0\0\0\0\0\0\0\0\0\0\0\0\0\0\0\0\0\0\0\0\0\0\0\0\0\0\0\0\0\0\0\0\0\0\0\0\0\0\0\0\0\0\0\0\0\0\0\0\0\0\0\0\0\0\0\0\0\0\0\0\0\0\0\0\0\0\0\0\0\0\0\0\0\0\0\0\0\0\0\0\0\0\0\0\0\0\0\0\0\0\0\0\0\0\0\0\0\0\0\0\0\0\0\0\0\0\0\0\0\0\0\0\0\0\0\0\0\0\0\0\0\0\0\0\0\0\0\0\0\0\0\0\0\0\0\0\0\0\0\0\0\0\0\0\0\0\0\0\0\0\0\0\0\0\0\0\0\0\0\0\0\0\0\0\0\0\0\0\0\0\0\0\0\0\0\0\0\0\0\0\0\0\0\0\0\0\0\0\0\0\0\0\0\0\0\0\0\0\0\0\0\0\0\0\0\0\0\0\0\0\0\0\0\0\0\0\0\0\0\0\0\0\0\0\0\0\0\0\0\0\0\0\0\0\0\0\0\0\0\0\0\0\0\0\0\0\0\0\0\0\0\0\0\0\0\0\0\0\0\0\0\0\0\0\0\0\0\0\0\0\0\0\0\0\0\0\0\0\0\0\0\0\0\0\0\0\0\0\0\0\0\0\0\0\0\0\0\0\0\0\0\0\0\0\0\0\0\0\0\0\0\0\0\0\0\0\0\0\0\0\0\0\0\0\0\0\0\0\0\0\0\0\0\0\0\0\0\0\0\0\0\0\0\0\0\0\0\0\0\0\0\0\0\0\0\0\0\0\0\0\0\0\0\0\0\0\0\0\0\0\0\0\0\0\0\0\0\0\0\0\0\0\0\0\0\0\0\0\0\0\0\0\0\0\0\0\0\0\0\0\0\0\0\0\0\0\0\0\0\0\0\0\0\0\0\0\0\0\0\0\0\0\0\0\0\0\0\0\0\0\0\0\0\0\0\0\0\0\0\0\0\0\0\0\0\0\0\0\0\0\0\0\0\0\0\0\0\0\0\0\0\0\0\0\0\0\0\0\0\0\0\0\0\0\0\0\0\0\0\0\0\0\0\0\0\0\0\0\0\0\0\0\0\0\0\0\0\0\0\0\0\0\0¬’MOÃ0†ïHü‡È÷ÕÝBKwAH»!T~€IÜµ£$Ý¿\'T\ZƒG½~üÊÛÝ<êÈ!öâ4¬‹;#¶w­†—úqu*&r–Fq¬áÄvÕõÕö™GJy(v½*«¸¨¡KÉß#FÓñD±Ï.W\Z	¥†=™ZÆMYÞbø®ÕBSí­†°·7 ê“Ï›×–¦é]\r\n	at org.springframework.batch.item.file.FlatFileItemReader.doRead(FlatFileItemReader.java:184)\r\n	at org.springframework.batch.item.support.AbstractItemCountingItemStreamItemReader.read(AbstractItemCountingItemStreamItemReader.java:89)\r\n	at org.springframework.batch.core.step.item.SimpleChunkProvider.doRead(SimpleChunkProvider.java:91)\r\n	at org.springframework.batch.core.step.item.SimpleChunkProvider.read(SimpleChunkProvider.java:157)\r\n	at org.springframework.batch.core.step.item.SimpleChunkProvider$1.doInIteration(SimpleChunkProvider.java:116)\r\n	at org.springframework.batch.repeat.support.RepeatTemplate.getNextResult(RepeatTemplate.java:375)\r\n	at org.springframework.batch.repeat.support.RepeatTemplate', '2018-07-17 12:45:29', NULL),
(3, 2, 'step1', 3, '2018-07-17 12:59:28', '2018-07-17 12:59:28', 'FAILED', 0, 0, 0, 0, 0, 0, 0, 1, 'FAILED', 'org.springframework.batch.item.file.FlatFileParseException: Parsing error at line: 1 in resource=[class path resource [100000RecordsFull.xlsx]], input=[PK\0\0\0\0\0!\0bîh^\0\0\0\0\0[Content_Types].xml ¢( \0\0\0\0\0\0\0\0\0\0\0\0\0\0\0\0\0\0\0\0\0\0\0\0\0\0\0\0\0\0\0\0\0\0\0\0\0\0\0\0\0\0\0\0\0\0\0\0\0\0\0\0\0\0\0\0\0\0\0\0\0\0\0\0\0\0\0\0\0\0\0\0\0\0\0\0\0\0\0\0\0\0\0\0\0\0\0\0\0\0\0\0\0\0\0\0\0\0\0\0\0\0\0\0\0\0\0\0\0\0\0\0\0\0\0\0\0\0\0\0\0\0\0\0\0\0\0\0\0\0\0\0\0\0\0\0\0\0\0\0\0\0\0\0\0\0\0\0\0\0\0\0\0\0\0\0\0\0\0\0\0\0\0\0\0\0\0\0\0\0\0\0\0\0\0\0\0\0\0\0\0\0\0\0\0\0\0\0\0\0\0\0\0\0\0\0\0\0\0\0\0\0\0\0\0\0\0\0\0\0\0\0\0\0\0\0\0\0\0\0\0\0\0\0\0\0\0\0\0\0\0\0\0\0\0\0\0\0\0\0\0\0\0\0\0\0\0\0\0\0\0\0\0\0\0\0\0\0\0\0\0\0\0\0\0\0\0\0\0\0\0\0\0\0\0\0\0\0\0\0\0\0\0\0\0\0\0\0\0\0\0\0\0\0\0\0\0\0\0\0\0\0\0\0\0\0\0\0\0\0\0\0\0\0\0\0\0\0\0\0\0\0\0\0\0\0\0\0\0\0\0\0\0\0\0\0\0\0\0\0\0\0\0\0\0\0\0\0\0\0\0\0\0\0\0\0\0\0\0\0\0\0\0\0\0\0\0\0\0\0\0\0\0\0\0\0\0\0\0\0\0\0\0\0\0\0\0\0\0\0\0\0\0\0\0\0\0\0\0\0\0\0\0\0\0\0\0\0\0\0\0\0\0\0\0\0\0\0\0\0\0\0\0\0\0\0\0\0\0\0\0\0\0\0\0\0\0\0\0\0\0\0\0\0\0\0\0\0\0\0\0\0\0\0\0\0\0\0\0\0\0\0\0\0\0\0\0\0\0\0\0\0\0\0\0\0\0\0\0\0\0\0\0\0\0\0\0\0\0\0\0\0\0\0\0\0\0\0\0\0\0\0\0\0\0\0\0\0\0\0\0\0\0¬”ËNÃ0E÷HüCä-JÜ²@5í‚Ç*Q>ÀÄ“Æªc[žiiÿž‰ûB¡j7±ÏÜ{2ñÍh²nm¶‚ˆÆ»R‹ÈÀU^7/ÅÇì%¿’rZYï @1__f›\0˜q·ÃR4DáAJ¬\Zh>€ãÚÇVßÆ¹ªZ¨9ÈÛÁàNVÞ8Ê©ÓãÑÔji){^óã-I‹\"{Üv^¥P!XS)bR¹rú—K¾s(¸3Õ`cÞ0†½ÝÎß»¾7M4\Z²©ŠôªZÆk+¿|\\|z¿(Ž‹ôPúº6h_-[ž@!‚ÒØ\0Pk‹´­2nÏ}Ä?£LËðÂ Ýû%áÄßdºždN\"m,à¥ÇžDO97*‚~§ÈÉ¸8ÀOíc|n¦ÑäEøÿöéºóÀBÉÀ!$}‡íàÈé;{ìÐå[ƒîñ–é2þ\0\0ÿÿ\0PK\0\0\0\0\0!\0µU0#ô\0\0\0L\0\0\0_rels/.rels ¢( \0\0\0\0\0\0\0\0\0\0\0\0\0\0\0\0\0\0\0\0\0\0\0\0\0\0\0\0\0\0\0\0\0\0\0\0\0\0\0\0\0\0\0\0\0\0\0\0\0\0\0\0\0\0\0\0\0\0\0\0\0\0\0\0\0\0\0\0\0\0\0\0\0\0\0\0\0\0\0\0\0\0\0\0\0\0\0\0\0\0\0\0\0\0\0\0\0\0\0\0\0\0\0\0\0\0\0\0\0\0\0\0\0\0\0\0\0\0\0\0\0\0\0\0\0\0\0\0\0\0\0\0\0\0\0\0\0\0\0\0\0\0\0\0\0\0\0\0\0\0\0\0\0\0\0\0\0\0\0\0\0\0\0\0\0\0\0\0\0\0\0\0\0\0\0\0\0\0\0\0\0\0\0\0\0\0\0\0\0\0\0\0\0\0\0\0\0\0\0\0\0\0\0\0\0\0\0\0\0\0\0\0\0\0\0\0\0\0\0\0\0\0\0\0\0\0\0\0\0\0\0\0\0\0\0\0\0\0\0\0\0\0\0\0\0\0\0\0\0\0\0\0\0\0\0\0\0\0\0\0\0\0\0\0\0\0\0\0\0\0\0\0\0\0\0\0\0\0\0\0\0\0\0\0\0\0\0\0\0\0\0\0\0\0\0\0\0\0\0\0\0\0\0\0\0\0\0\0\0\0\0\0\0\0\0\0\0\0\0\0\0\0\0\0\0\0\0\0\0\0\0\0\0\0\0\0\0\0\0\0\0\0\0\0\0\0\0\0\0\0\0\0\0\0\0\0\0\0\0\0\0\0\0\0\0\0\0\0\0\0\0\0\0\0\0\0\0\0\0\0\0\0\0\0\0\0\0\0\0\0\0\0\0\0\0\0\0\0\0\0\0\0\0\0\0\0\0\0\0\0\0\0\0\0\0\0\0\0\0\0\0\0\0\0\0\0\0\0\0\0\0\0\0\0\0\0\0\0\0\0\0\0\0\0\0\0\0\0\0\0\0\0\0\0\0\0\0\0\0\0\0\0\0\0\0\0\0\0\0\0\0\0\0\0\0\0\0\0\0\0\0\0\0\0\0\0\0\0\0\0\0\0\0\0\0\0\0\0\0\0\0\0\0\0\0\0\0\0\0\0\0\0\0¬’MOÃ0†ïHü‡È÷ÕÝBKwAH»!T~€IÜµ£$Ý¿\'T\ZƒG½~üÊÛÝ<êÈ!öâ4¬‹;#¶w­†—úqu*&r–Fq¬áÄvÕõÕö™GJy(v½*«¸¨¡KÉß#FÓñD±Ï.W\Z	¥†=™ZÆMYÞbø®ÕBSí­†°·7 ê“Ï›×–¦é]\r\n	at org.springframework.batch.item.file.FlatFileItemReader.doRead(FlatFileItemReader.java:184)\r\n	at org.springframework.batch.item.support.AbstractItemCountingItemStreamItemReader.read(AbstractItemCountingItemStreamItemReader.java:89)\r\n	at org.springframework.batch.core.step.item.SimpleChunkProvider.doRead(SimpleChunkProvider.java:91)\r\n	at org.springframework.batch.core.step.item.SimpleChunkProvider.read(SimpleChunkProvider.java:157)\r\n	at org.springframework.batch.core.step.item.SimpleChunkProvider$1.doInIteration(SimpleChunkProvider.java:116)\r\n	at org.springframework.batch.repeat.support.RepeatTemplate.getNextResult(RepeatTemplate.java:375)\r\n	at org.springframework.batch.repeat.support.RepeatTemplate', '2018-07-17 12:59:28', NULL),
(4, 2, 'step1', 4, '2018-07-17 13:05:56', '2018-07-17 13:05:56', 'FAILED', 0, 0, 0, 0, 0, 0, 0, 1, 'FAILED', 'org.springframework.batch.item.file.FlatFileParseException: Parsing error at line: 1 in resource=[class path resource [100000RecordsFull.xlsx]], input=[PK\0\0\0\0\0!\0bîh^\0\0\0\0\0[Content_Types].xml ¢( \0\0\0\0\0\0\0\0\0\0\0\0\0\0\0\0\0\0\0\0\0\0\0\0\0\0\0\0\0\0\0\0\0\0\0\0\0\0\0\0\0\0\0\0\0\0\0\0\0\0\0\0\0\0\0\0\0\0\0\0\0\0\0\0\0\0\0\0\0\0\0\0\0\0\0\0\0\0\0\0\0\0\0\0\0\0\0\0\0\0\0\0\0\0\0\0\0\0\0\0\0\0\0\0\0\0\0\0\0\0\0\0\0\0\0\0\0\0\0\0\0\0\0\0\0\0\0\0\0\0\0\0\0\0\0\0\0\0\0\0\0\0\0\0\0\0\0\0\0\0\0\0\0\0\0\0\0\0\0\0\0\0\0\0\0\0\0\0\0\0\0\0\0\0\0\0\0\0\0\0\0\0\0\0\0\0\0\0\0\0\0\0\0\0\0\0\0\0\0\0\0\0\0\0\0\0\0\0\0\0\0\0\0\0\0\0\0\0\0\0\0\0\0\0\0\0\0\0\0\0\0\0\0\0\0\0\0\0\0\0\0\0\0\0\0\0\0\0\0\0\0\0\0\0\0\0\0\0\0\0\0\0\0\0\0\0\0\0\0\0\0\0\0\0\0\0\0\0\0\0\0\0\0\0\0\0\0\0\0\0\0\0\0\0\0\0\0\0\0\0\0\0\0\0\0\0\0\0\0\0\0\0\0\0\0\0\0\0\0\0\0\0\0\0\0\0\0\0\0\0\0\0\0\0\0\0\0\0\0\0\0\0\0\0\0\0\0\0\0\0\0\0\0\0\0\0\0\0\0\0\0\0\0\0\0\0\0\0\0\0\0\0\0\0\0\0\0\0\0\0\0\0\0\0\0\0\0\0\0\0\0\0\0\0\0\0\0\0\0\0\0\0\0\0\0\0\0\0\0\0\0\0\0\0\0\0\0\0\0\0\0\0\0\0\0\0\0\0\0\0\0\0\0\0\0\0\0\0\0\0\0\0\0\0\0\0\0\0\0\0\0\0\0\0\0\0\0\0\0\0\0\0\0\0\0\0\0\0\0\0\0\0\0\0\0\0\0\0\0\0\0\0\0\0\0\0\0\0\0\0\0\0\0\0\0\0\0\0\0\0\0\0\0\0\0\0\0\0\0\0\0\0\0¬”ËNÃ0E÷HüCä-JÜ²@5í‚Ç*Q>ÀÄ“Æªc[žiiÿž‰ûB¡j7±ÏÜ{2ñÍh²nm¶‚ˆÆ»R‹ÈÀU^7/ÅÇì%¿’rZYï @1__f›\0˜q·ÃR4DáAJ¬\Zh>€ãÚÇVßÆ¹ªZ¨9ÈÛÁàNVÞ8Ê©ÓãÑÔji){^óã-I‹\"{Üv^¥P!XS)bR¹rú—K¾s(¸3Õ`cÞ0†½ÝÎß»¾7M4\Z²©ŠôªZÆk+¿|\\|z¿(Ž‹ôPúº6h_-[ž@!‚ÒØ\0Pk‹´­2nÏ}Ä?£LËðÂ Ýû%áÄßdºždN\"m,à¥ÇžDO97*‚~§ÈÉ¸8ÀOíc|n¦ÑäEøÿöéºóÀBÉÀ!$}‡íàÈé;{ìÐå[ƒîñ–é2þ\0\0ÿÿ\0PK\0\0\0\0\0!\0µU0#ô\0\0\0L\0\0\0_rels/.rels ¢( \0\0\0\0\0\0\0\0\0\0\0\0\0\0\0\0\0\0\0\0\0\0\0\0\0\0\0\0\0\0\0\0\0\0\0\0\0\0\0\0\0\0\0\0\0\0\0\0\0\0\0\0\0\0\0\0\0\0\0\0\0\0\0\0\0\0\0\0\0\0\0\0\0\0\0\0\0\0\0\0\0\0\0\0\0\0\0\0\0\0\0\0\0\0\0\0\0\0\0\0\0\0\0\0\0\0\0\0\0\0\0\0\0\0\0\0\0\0\0\0\0\0\0\0\0\0\0\0\0\0\0\0\0\0\0\0\0\0\0\0\0\0\0\0\0\0\0\0\0\0\0\0\0\0\0\0\0\0\0\0\0\0\0\0\0\0\0\0\0\0\0\0\0\0\0\0\0\0\0\0\0\0\0\0\0\0\0\0\0\0\0\0\0\0\0\0\0\0\0\0\0\0\0\0\0\0\0\0\0\0\0\0\0\0\0\0\0\0\0\0\0\0\0\0\0\0\0\0\0\0\0\0\0\0\0\0\0\0\0\0\0\0\0\0\0\0\0\0\0\0\0\0\0\0\0\0\0\0\0\0\0\0\0\0\0\0\0\0\0\0\0\0\0\0\0\0\0\0\0\0\0\0\0\0\0\0\0\0\0\0\0\0\0\0\0\0\0\0\0\0\0\0\0\0\0\0\0\0\0\0\0\0\0\0\0\0\0\0\0\0\0\0\0\0\0\0\0\0\0\0\0\0\0\0\0\0\0\0\0\0\0\0\0\0\0\0\0\0\0\0\0\0\0\0\0\0\0\0\0\0\0\0\0\0\0\0\0\0\0\0\0\0\0\0\0\0\0\0\0\0\0\0\0\0\0\0\0\0\0\0\0\0\0\0\0\0\0\0\0\0\0\0\0\0\0\0\0\0\0\0\0\0\0\0\0\0\0\0\0\0\0\0\0\0\0\0\0\0\0\0\0\0\0\0\0\0\0\0\0\0\0\0\0\0\0\0\0\0\0\0\0\0\0\0\0\0\0\0\0\0\0\0\0\0\0\0\0\0\0\0\0\0\0\0\0\0\0\0\0\0\0\0\0\0\0\0\0\0\0\0\0\0\0\0\0\0\0\0\0\0\0\0\0\0\0\0\0\0\0\0\0\0\0¬’MOÃ0†ïHü‡È÷ÕÝBKwAH»!T~€IÜµ£$Ý¿\'T\ZƒG½~üÊÛÝ<êÈ!öâ4¬‹;#¶w­†—úqu*&r–Fq¬áÄvÕõÕö™GJy(v½*«¸¨¡KÉß#FÓñD±Ï.W\Z	¥†=™ZÆMYÞbø®ÕBSí­†°·7 ê“Ï›×–¦é]\r\n	at org.springframework.batch.item.file.FlatFileItemReader.doRead(FlatFileItemReader.java:184)\r\n	at org.springframework.batch.item.support.AbstractItemCountingItemStreamItemReader.read(AbstractItemCountingItemStreamItemReader.java:89)\r\n	at org.springframework.batch.core.step.item.SimpleChunkProvider.doRead(SimpleChunkProvider.java:91)\r\n	at org.springframework.batch.core.step.item.SimpleChunkProvider.read(SimpleChunkProvider.java:157)\r\n	at org.springframework.batch.core.step.item.SimpleChunkProvider$1.doInIteration(SimpleChunkProvider.java:116)\r\n	at org.springframework.batch.repeat.support.RepeatTemplate.getNextResult(RepeatTemplate.java:375)\r\n	at org.springframework.batch.repeat.support.RepeatTemplate', '2018-07-17 13:05:56', NULL),
(5, 2, 'step1', 5, '2018-07-17 13:37:58', '2018-07-17 13:37:59', 'FAILED', 0, 0, 0, 0, 0, 0, 0, 1, 'FAILED', 'org.springframework.batch.item.file.FlatFileParseException: Parsing error at line: 1 in resource=[class path resource [100000RecordsFull.xlsx]], input=[PK\0\0\0\0\0!\0bîh^\0\0\0\0\0[Content_Types].xml ¢( \0\0\0\0\0\0\0\0\0\0\0\0\0\0\0\0\0\0\0\0\0\0\0\0\0\0\0\0\0\0\0\0\0\0\0\0\0\0\0\0\0\0\0\0\0\0\0\0\0\0\0\0\0\0\0\0\0\0\0\0\0\0\0\0\0\0\0\0\0\0\0\0\0\0\0\0\0\0\0\0\0\0\0\0\0\0\0\0\0\0\0\0\0\0\0\0\0\0\0\0\0\0\0\0\0\0\0\0\0\0\0\0\0\0\0\0\0\0\0\0\0\0\0\0\0\0\0\0\0\0\0\0\0\0\0\0\0\0\0\0\0\0\0\0\0\0\0\0\0\0\0\0\0\0\0\0\0\0\0\0\0\0\0\0\0\0\0\0\0\0\0\0\0\0\0\0\0\0\0\0\0\0\0\0\0\0\0\0\0\0\0\0\0\0\0\0\0\0\0\0\0\0\0\0\0\0\0\0\0\0\0\0\0\0\0\0\0\0\0\0\0\0\0\0\0\0\0\0\0\0\0\0\0\0\0\0\0\0\0\0\0\0\0\0\0\0\0\0\0\0\0\0\0\0\0\0\0\0\0\0\0\0\0\0\0\0\0\0\0\0\0\0\0\0\0\0\0\0\0\0\0\0\0\0\0\0\0\0\0\0\0\0\0\0\0\0\0\0\0\0\0\0\0\0\0\0\0\0\0\0\0\0\0\0\0\0\0\0\0\0\0\0\0\0\0\0\0\0\0\0\0\0\0\0\0\0\0\0\0\0\0\0\0\0\0\0\0\0\0\0\0\0\0\0\0\0\0\0\0\0\0\0\0\0\0\0\0\0\0\0\0\0\0\0\0\0\0\0\0\0\0\0\0\0\0\0\0\0\0\0\0\0\0\0\0\0\0\0\0\0\0\0\0\0\0\0\0\0\0\0\0\0\0\0\0\0\0\0\0\0\0\0\0\0\0\0\0\0\0\0\0\0\0\0\0\0\0\0\0\0\0\0\0\0\0\0\0\0\0\0\0\0\0\0\0\0\0\0\0\0\0\0\0\0\0\0\0\0\0\0\0\0\0\0\0\0\0\0\0\0\0\0\0\0\0\0\0\0\0\0\0\0\0\0\0\0\0\0\0\0\0\0\0\0\0\0\0\0\0\0\0\0\0¬”ËNÃ0E÷HüCä-JÜ²@5í‚Ç*Q>ÀÄ“Æªc[žiiÿž‰ûB¡j7±ÏÜ{2ñÍh²nm¶‚ˆÆ»R‹ÈÀU^7/ÅÇì%¿’rZYï @1__f›\0˜q·ÃR4DáAJ¬\Zh>€ãÚÇVßÆ¹ªZ¨9ÈÛÁàNVÞ8Ê©ÓãÑÔji){^óã-I‹\"{Üv^¥P!XS)bR¹rú—K¾s(¸3Õ`cÞ0†½ÝÎß»¾7M4\Z²©ŠôªZÆk+¿|\\|z¿(Ž‹ôPúº6h_-[ž@!‚ÒØ\0Pk‹´­2nÏ}Ä?£LËðÂ Ýû%áÄßdºždN\"m,à¥ÇžDO97*‚~§ÈÉ¸8ÀOíc|n¦ÑäEøÿöéºóÀBÉÀ!$}‡íàÈé;{ìÐå[ƒîñ–é2þ\0\0ÿÿ\0PK\0\0\0\0\0!\0µU0#ô\0\0\0L\0\0\0_rels/.rels ¢( \0\0\0\0\0\0\0\0\0\0\0\0\0\0\0\0\0\0\0\0\0\0\0\0\0\0\0\0\0\0\0\0\0\0\0\0\0\0\0\0\0\0\0\0\0\0\0\0\0\0\0\0\0\0\0\0\0\0\0\0\0\0\0\0\0\0\0\0\0\0\0\0\0\0\0\0\0\0\0\0\0\0\0\0\0\0\0\0\0\0\0\0\0\0\0\0\0\0\0\0\0\0\0\0\0\0\0\0\0\0\0\0\0\0\0\0\0\0\0\0\0\0\0\0\0\0\0\0\0\0\0\0\0\0\0\0\0\0\0\0\0\0\0\0\0\0\0\0\0\0\0\0\0\0\0\0\0\0\0\0\0\0\0\0\0\0\0\0\0\0\0\0\0\0\0\0\0\0\0\0\0\0\0\0\0\0\0\0\0\0\0\0\0\0\0\0\0\0\0\0\0\0\0\0\0\0\0\0\0\0\0\0\0\0\0\0\0\0\0\0\0\0\0\0\0\0\0\0\0\0\0\0\0\0\0\0\0\0\0\0\0\0\0\0\0\0\0\0\0\0\0\0\0\0\0\0\0\0\0\0\0\0\0\0\0\0\0\0\0\0\0\0\0\0\0\0\0\0\0\0\0\0\0\0\0\0\0\0\0\0\0\0\0\0\0\0\0\0\0\0\0\0\0\0\0\0\0\0\0\0\0\0\0\0\0\0\0\0\0\0\0\0\0\0\0\0\0\0\0\0\0\0\0\0\0\0\0\0\0\0\0\0\0\0\0\0\0\0\0\0\0\0\0\0\0\0\0\0\0\0\0\0\0\0\0\0\0\0\0\0\0\0\0\0\0\0\0\0\0\0\0\0\0\0\0\0\0\0\0\0\0\0\0\0\0\0\0\0\0\0\0\0\0\0\0\0\0\0\0\0\0\0\0\0\0\0\0\0\0\0\0\0\0\0\0\0\0\0\0\0\0\0\0\0\0\0\0\0\0\0\0\0\0\0\0\0\0\0\0\0\0\0\0\0\0\0\0\0\0\0\0\0\0\0\0\0\0\0\0\0\0\0\0\0\0\0\0\0\0\0\0\0\0\0\0\0\0\0\0\0\0\0\0\0\0\0\0\0\0\0\0\0\0\0\0\0\0\0\0\0\0\0\0¬’MOÃ0†ïHü‡È÷ÕÝBKwAH»!T~€IÜµ£$Ý¿\'T\ZƒG½~üÊÛÝ<êÈ!öâ4¬‹;#¶w­†—úqu*&r–Fq¬áÄvÕõÕö™GJy(v½*«¸¨¡KÉß#FÓñD±Ï.W\Z	¥†=™ZÆMYÞbø®ÕBSí­†°·7 ê“Ï›×–¦é]\r\n	at org.springframework.batch.item.file.FlatFileItemReader.doRead(FlatFileItemReader.java:184)\r\n	at org.springframework.batch.item.support.AbstractItemCountingItemStreamItemReader.read(AbstractItemCountingItemStreamItemReader.java:89)\r\n	at org.springframework.batch.core.step.item.SimpleChunkProvider.doRead(SimpleChunkProvider.java:91)\r\n	at org.springframework.batch.core.step.item.SimpleChunkProvider.read(SimpleChunkProvider.java:157)\r\n	at org.springframework.batch.core.step.item.SimpleChunkProvider$1.doInIteration(SimpleChunkProvider.java:116)\r\n	at org.springframework.batch.repeat.support.RepeatTemplate.getNextResult(RepeatTemplate.java:375)\r\n	at org.springframework.batch.repeat.support.RepeatTemplate', '2018-07-17 13:37:59', NULL),
(6, 2, 'step1', 6, '2018-07-17 13:50:25', '2018-07-17 13:50:25', 'FAILED', 0, 0, 0, 0, 0, 0, 0, 1, 'FAILED', 'org.springframework.batch.item.file.FlatFileParseException: Parsing error at line: 1 in resource=[class path resource [100000RecordsFull.xlsx]], input=[PK\0\0\0\0\0!\0bîh^\0\0\0\0\0[Content_Types].xml ¢( \0\0\0\0\0\0\0\0\0\0\0\0\0\0\0\0\0\0\0\0\0\0\0\0\0\0\0\0\0\0\0\0\0\0\0\0\0\0\0\0\0\0\0\0\0\0\0\0\0\0\0\0\0\0\0\0\0\0\0\0\0\0\0\0\0\0\0\0\0\0\0\0\0\0\0\0\0\0\0\0\0\0\0\0\0\0\0\0\0\0\0\0\0\0\0\0\0\0\0\0\0\0\0\0\0\0\0\0\0\0\0\0\0\0\0\0\0\0\0\0\0\0\0\0\0\0\0\0\0\0\0\0\0\0\0\0\0\0\0\0\0\0\0\0\0\0\0\0\0\0\0\0\0\0\0\0\0\0\0\0\0\0\0\0\0\0\0\0\0\0\0\0\0\0\0\0\0\0\0\0\0\0\0\0\0\0\0\0\0\0\0\0\0\0\0\0\0\0\0\0\0\0\0\0\0\0\0\0\0\0\0\0\0\0\0\0\0\0\0\0\0\0\0\0\0\0\0\0\0\0\0\0\0\0\0\0\0\0\0\0\0\0\0\0\0\0\0\0\0\0\0\0\0\0\0\0\0\0\0\0\0\0\0\0\0\0\0\0\0\0\0\0\0\0\0\0\0\0\0\0\0\0\0\0\0\0\0\0\0\0\0\0\0\0\0\0\0\0\0\0\0\0\0\0\0\0\0\0\0\0\0\0\0\0\0\0\0\0\0\0\0\0\0\0\0\0\0\0\0\0\0\0\0\0\0\0\0\0\0\0\0\0\0\0\0\0\0\0\0\0\0\0\0\0\0\0\0\0\0\0\0\0\0\0\0\0\0\0\0\0\0\0\0\0\0\0\0\0\0\0\0\0\0\0\0\0\0\0\0\0\0\0\0\0\0\0\0\0\0\0\0\0\0\0\0\0\0\0\0\0\0\0\0\0\0\0\0\0\0\0\0\0\0\0\0\0\0\0\0\0\0\0\0\0\0\0\0\0\0\0\0\0\0\0\0\0\0\0\0\0\0\0\0\0\0\0\0\0\0\0\0\0\0\0\0\0\0\0\0\0\0\0\0\0\0\0\0\0\0\0\0\0\0\0\0\0\0\0\0\0\0\0\0\0\0\0\0\0\0\0\0\0\0\0\0\0\0\0\0\0\0\0\0¬”ËNÃ0E÷HüCä-JÜ²@5í‚Ç*Q>ÀÄ“Æªc[žiiÿž‰ûB¡j7±ÏÜ{2ñÍh²nm¶‚ˆÆ»R‹ÈÀU^7/ÅÇì%¿’rZYï @1__f›\0˜q·ÃR4DáAJ¬\Zh>€ãÚÇVßÆ¹ªZ¨9ÈÛÁàNVÞ8Ê©ÓãÑÔji){^óã-I‹\"{Üv^¥P!XS)bR¹rú—K¾s(¸3Õ`cÞ0†½ÝÎß»¾7M4\Z²©ŠôªZÆk+¿|\\|z¿(Ž‹ôPúº6h_-[ž@!‚ÒØ\0Pk‹´­2nÏ}Ä?£LËðÂ Ýû%áÄßdºždN\"m,à¥ÇžDO97*‚~§ÈÉ¸8ÀOíc|n¦ÑäEøÿöéºóÀBÉÀ!$}‡íàÈé;{ìÐå[ƒîñ–é2þ\0\0ÿÿ\0PK\0\0\0\0\0!\0µU0#ô\0\0\0L\0\0\0_rels/.rels ¢( \0\0\0\0\0\0\0\0\0\0\0\0\0\0\0\0\0\0\0\0\0\0\0\0\0\0\0\0\0\0\0\0\0\0\0\0\0\0\0\0\0\0\0\0\0\0\0\0\0\0\0\0\0\0\0\0\0\0\0\0\0\0\0\0\0\0\0\0\0\0\0\0\0\0\0\0\0\0\0\0\0\0\0\0\0\0\0\0\0\0\0\0\0\0\0\0\0\0\0\0\0\0\0\0\0\0\0\0\0\0\0\0\0\0\0\0\0\0\0\0\0\0\0\0\0\0\0\0\0\0\0\0\0\0\0\0\0\0\0\0\0\0\0\0\0\0\0\0\0\0\0\0\0\0\0\0\0\0\0\0\0\0\0\0\0\0\0\0\0\0\0\0\0\0\0\0\0\0\0\0\0\0\0\0\0\0\0\0\0\0\0\0\0\0\0\0\0\0\0\0\0\0\0\0\0\0\0\0\0\0\0\0\0\0\0\0\0\0\0\0\0\0\0\0\0\0\0\0\0\0\0\0\0\0\0\0\0\0\0\0\0\0\0\0\0\0\0\0\0\0\0\0\0\0\0\0\0\0\0\0\0\0\0\0\0\0\0\0\0\0\0\0\0\0\0\0\0\0\0\0\0\0\0\0\0\0\0\0\0\0\0\0\0\0\0\0\0\0\0\0\0\0\0\0\0\0\0\0\0\0\0\0\0\0\0\0\0\0\0\0\0\0\0\0\0\0\0\0\0\0\0\0\0\0\0\0\0\0\0\0\0\0\0\0\0\0\0\0\0\0\0\0\0\0\0\0\0\0\0\0\0\0\0\0\0\0\0\0\0\0\0\0\0\0\0\0\0\0\0\0\0\0\0\0\0\0\0\0\0\0\0\0\0\0\0\0\0\0\0\0\0\0\0\0\0\0\0\0\0\0\0\0\0\0\0\0\0\0\0\0\0\0\0\0\0\0\0\0\0\0\0\0\0\0\0\0\0\0\0\0\0\0\0\0\0\0\0\0\0\0\0\0\0\0\0\0\0\0\0\0\0\0\0\0\0\0\0\0\0\0\0\0\0\0\0\0\0\0\0\0\0\0\0\0\0\0\0\0\0\0\0\0\0\0\0\0\0\0\0\0\0\0\0\0\0\0\0\0\0\0\0\0\0¬’MOÃ0†ïHü‡È÷ÕÝBKwAH»!T~€IÜµ£$Ý¿\'T\ZƒG½~üÊÛÝ<êÈ!öâ4¬‹;#¶w­†—úqu*&r–Fq¬áÄvÕõÕö™GJy(v½*«¸¨¡KÉß#FÓñD±Ï.W\Z	¥†=™ZÆMYÞbø®ÕBSí­†°·7 ê“Ï›×–¦é]\r\n	at org.springframework.batch.item.file.FlatFileItemReader.doRead(FlatFileItemReader.java:184)\r\n	at org.springframework.batch.item.support.AbstractItemCountingItemStreamItemReader.read(AbstractItemCountingItemStreamItemReader.java:89)\r\n	at org.springframework.batch.core.step.item.SimpleChunkProvider.doRead(SimpleChunkProvider.java:91)\r\n	at org.springframework.batch.core.step.item.SimpleChunkProvider.read(SimpleChunkProvider.java:157)\r\n	at org.springframework.batch.core.step.item.SimpleChunkProvider$1.doInIteration(SimpleChunkProvider.java:116)\r\n	at org.springframework.batch.repeat.support.RepeatTemplate.getNextResult(RepeatTemplate.java:375)\r\n	at org.springframework.batch.repeat.support.RepeatTemplate', '2018-07-17 13:50:25', NULL),
(7, 2, 'step1', 7, '2018-07-17 13:56:43', '2018-07-17 13:56:43', 'FAILED', 0, 0, 0, 0, 0, 0, 0, 1, 'FAILED', 'org.springframework.batch.item.file.FlatFileParseException: Parsing error at line: 1 in resource=[class path resource [100000RecordsFull.xlsx]], input=[PK\0\0\0\0\0!\0bîh^\0\0\0\0\0[Content_Types].xml ¢( \0\0\0\0\0\0\0\0\0\0\0\0\0\0\0\0\0\0\0\0\0\0\0\0\0\0\0\0\0\0\0\0\0\0\0\0\0\0\0\0\0\0\0\0\0\0\0\0\0\0\0\0\0\0\0\0\0\0\0\0\0\0\0\0\0\0\0\0\0\0\0\0\0\0\0\0\0\0\0\0\0\0\0\0\0\0\0\0\0\0\0\0\0\0\0\0\0\0\0\0\0\0\0\0\0\0\0\0\0\0\0\0\0\0\0\0\0\0\0\0\0\0\0\0\0\0\0\0\0\0\0\0\0\0\0\0\0\0\0\0\0\0\0\0\0\0\0\0\0\0\0\0\0\0\0\0\0\0\0\0\0\0\0\0\0\0\0\0\0\0\0\0\0\0\0\0\0\0\0\0\0\0\0\0\0\0\0\0\0\0\0\0\0\0\0\0\0\0\0\0\0\0\0\0\0\0\0\0\0\0\0\0\0\0\0\0\0\0\0\0\0\0\0\0\0\0\0\0\0\0\0\0\0\0\0\0\0\0\0\0\0\0\0\0\0\0\0\0\0\0\0\0\0\0\0\0\0\0\0\0\0\0\0\0\0\0\0\0\0\0\0\0\0\0\0\0\0\0\0\0\0\0\0\0\0\0\0\0\0\0\0\0\0\0\0\0\0\0\0\0\0\0\0\0\0\0\0\0\0\0\0\0\0\0\0\0\0\0\0\0\0\0\0\0\0\0\0\0\0\0\0\0\0\0\0\0\0\0\0\0\0\0\0\0\0\0\0\0\0\0\0\0\0\0\0\0\0\0\0\0\0\0\0\0\0\0\0\0\0\0\0\0\0\0\0\0\0\0\0\0\0\0\0\0\0\0\0\0\0\0\0\0\0\0\0\0\0\0\0\0\0\0\0\0\0\0\0\0\0\0\0\0\0\0\0\0\0\0\0\0\0\0\0\0\0\0\0\0\0\0\0\0\0\0\0\0\0\0\0\0\0\0\0\0\0\0\0\0\0\0\0\0\0\0\0\0\0\0\0\0\0\0\0\0\0\0\0\0\0\0\0\0\0\0\0\0\0\0\0\0\0\0\0\0\0\0\0\0\0\0\0\0\0\0\0\0\0\0\0\0\0\0\0\0\0\0\0\0\0\0\0\0\0¬”ËNÃ0E÷HüCä-JÜ²@5í‚Ç*Q>ÀÄ“Æªc[žiiÿž‰ûB¡j7±ÏÜ{2ñÍh²nm¶‚ˆÆ»R‹ÈÀU^7/ÅÇì%¿’rZYï @1__f›\0˜q·ÃR4DáAJ¬\Zh>€ãÚÇVßÆ¹ªZ¨9ÈÛÁàNVÞ8Ê©ÓãÑÔji){^óã-I‹\"{Üv^¥P!XS)bR¹rú—K¾s(¸3Õ`cÞ0†½ÝÎß»¾7M4\Z²©ŠôªZÆk+¿|\\|z¿(Ž‹ôPúº6h_-[ž@!‚ÒØ\0Pk‹´­2nÏ}Ä?£LËðÂ Ýû%áÄßdºždN\"m,à¥ÇžDO97*‚~§ÈÉ¸8ÀOíc|n¦ÑäEøÿöéºóÀBÉÀ!$}‡íàÈé;{ìÐå[ƒîñ–é2þ\0\0ÿÿ\0PK\0\0\0\0\0!\0µU0#ô\0\0\0L\0\0\0_rels/.rels ¢( \0\0\0\0\0\0\0\0\0\0\0\0\0\0\0\0\0\0\0\0\0\0\0\0\0\0\0\0\0\0\0\0\0\0\0\0\0\0\0\0\0\0\0\0\0\0\0\0\0\0\0\0\0\0\0\0\0\0\0\0\0\0\0\0\0\0\0\0\0\0\0\0\0\0\0\0\0\0\0\0\0\0\0\0\0\0\0\0\0\0\0\0\0\0\0\0\0\0\0\0\0\0\0\0\0\0\0\0\0\0\0\0\0\0\0\0\0\0\0\0\0\0\0\0\0\0\0\0\0\0\0\0\0\0\0\0\0\0\0\0\0\0\0\0\0\0\0\0\0\0\0\0\0\0\0\0\0\0\0\0\0\0\0\0\0\0\0\0\0\0\0\0\0\0\0\0\0\0\0\0\0\0\0\0\0\0\0\0\0\0\0\0\0\0\0\0\0\0\0\0\0\0\0\0\0\0\0\0\0\0\0\0\0\0\0\0\0\0\0\0\0\0\0\0\0\0\0\0\0\0\0\0\0\0\0\0\0\0\0\0\0\0\0\0\0\0\0\0\0\0\0\0\0\0\0\0\0\0\0\0\0\0\0\0\0\0\0\0\0\0\0\0\0\0\0\0\0\0\0\0\0\0\0\0\0\0\0\0\0\0\0\0\0\0\0\0\0\0\0\0\0\0\0\0\0\0\0\0\0\0\0\0\0\0\0\0\0\0\0\0\0\0\0\0\0\0\0\0\0\0\0\0\0\0\0\0\0\0\0\0\0\0\0\0\0\0\0\0\0\0\0\0\0\0\0\0\0\0\0\0\0\0\0\0\0\0\0\0\0\0\0\0\0\0\0\0\0\0\0\0\0\0\0\0\0\0\0\0\0\0\0\0\0\0\0\0\0\0\0\0\0\0\0\0\0\0\0\0\0\0\0\0\0\0\0\0\0\0\0\0\0\0\0\0\0\0\0\0\0\0\0\0\0\0\0\0\0\0\0\0\0\0\0\0\0\0\0\0\0\0\0\0\0\0\0\0\0\0\0\0\0\0\0\0\0\0\0\0\0\0\0\0\0\0\0\0\0\0\0\0\0\0\0\0\0\0\0\0\0\0\0\0\0\0\0\0\0\0\0\0\0\0\0\0\0\0\0\0\0\0\0\0\0¬’MOÃ0†ïHü‡È÷ÕÝBKwAH»!T~€IÜµ£$Ý¿\'T\ZƒG½~üÊÛÝ<êÈ!öâ4¬‹;#¶w­†—úqu*&r–Fq¬áÄvÕõÕö™GJy(v½*«¸¨¡KÉß#FÓñD±Ï.W\Z	¥†=™ZÆMYÞbø®ÕBSí­†°·7 ê“Ï›×–¦é]\r\n	at org.springframework.batch.item.file.FlatFileItemReader.doRead(FlatFileItemReader.java:184)\r\n	at org.springframework.batch.item.support.AbstractItemCountingItemStreamItemReader.read(AbstractItemCountingItemStreamItemReader.java:89)\r\n	at org.springframework.batch.core.step.item.SimpleChunkProvider.doRead(SimpleChunkProvider.java:91)\r\n	at org.springframework.batch.core.step.item.SimpleChunkProvider.read(SimpleChunkProvider.java:157)\r\n	at org.springframework.batch.core.step.item.SimpleChunkProvider$1.doInIteration(SimpleChunkProvider.java:116)\r\n	at org.springframework.batch.repeat.support.RepeatTemplate.getNextResult(RepeatTemplate.java:375)\r\n	at org.springframework.batch.repeat.support.RepeatTemplate', '2018-07-17 13:56:43', NULL),
(8, 2, 'step1', 8, '2018-07-17 14:15:21', '2018-07-17 14:15:21', 'FAILED', 0, 0, 0, 0, 0, 0, 0, 1, 'FAILED', 'org.springframework.batch.item.file.FlatFileParseException: Parsing error at line: 3 in resource=[class path resource [100000RecordsFull.xlsx]], input=[y\0ÑèÔ!+øÁEöò¼üfMyÎkÁ£úå«Kª5=|†t ‡ÈG)’så¢™»UïátBûÊ)¿Ûò,ËôïfäÉÇÕß\0\0\0ÿÿ\0PK\0\0\0\0\0!\0VÊ6C±\0\02\0\0\0\0\0xl/workbook.xml¤TËnâ0Ý4ÿ`yŸæAxE]\r\n	at org.springframework.batch.item.file.FlatFileItemReader.doRead(FlatFileItemReader.java:184)\r\n	at org.springframework.batch.item.support.AbstractItemCountingItemStreamItemReader.read(AbstractItemCountingItemStreamItemReader.java:89)\r\n	at org.springframework.batch.core.step.item.SimpleChunkProvider.doRead(SimpleChunkProvider.java:91)\r\n	at org.springframework.batch.core.step.item.SimpleChunkProvider.read(SimpleChunkProvider.java:157)\r\n	at org.springframework.batch.core.step.item.SimpleChunkProvider$1.doInIteration(SimpleChunkProvider.java:116)\r\n	at org.springframework.batch.repeat.support.RepeatTemplate.getNextResult(RepeatTemplate.java:375)\r\n	at org.springframework.batch.repeat.support.RepeatTemplate.executeInternal(RepeatTemplate.java:215)\r\n	at org.springframework.batch.repeat.support.RepeatTemplate.iterate(RepeatTemplate.java:145)\r\n	at org.springframework.batch.core.step.item.SimpleChunkProvider.provide(SimpleChunkProvider.java:110)\r\n	at org.springframework.batch.core.step.item.ChunkOrientedTasklet.execute(ChunkOrientedTasklet.java:69)\r\n	at org.springframework.batch.core.step.tasklet.TaskletStep$ChunkTransactionCallback.doInTransaction(TaskletStep.java:406)\r\n	at org.springframework.batch.core.step.tasklet.TaskletStep$ChunkTransactionCallback.doInTransaction(TaskletStep.java:330)\r\n	at org.springframework.transaction.support.TransactionTemplate.execute(TransactionTemplate.java:140)\r\n	at org.springframework.batch.core.step.tasklet.TaskletStep$2.doInChunkContext(TaskletStep.java:272)\r\n	at org.springframework.batch.core.scope.context.StepContextRepeatCallback.doInIteration(StepContextRepeatCallback.java:81)\r\n	at org.springframework.batch.repeat.support.RepeatTemplate.getNextResult(RepeatTemplate.java:375)\r\n	at org.springframework.batch.repeat.support.RepeatTemplate.executeInternal(RepeatTemplate.java:215)\r\n	at org.springframework.batch.repeat.support.RepeatTemplate.iterate(RepeatTemplate.java:145)\r\n	at org.springframework.batch.core.step.tasklet.TaskletStep.doExecute(TaskletStep.java:257)\r\n	at org.springframework.batch.core.step.AbstractStep.execute(AbstractStep.java:200)\r\n	at org.springframework.batch.core.job.SimpleStepHandler.handleStep(SimpleStepHandler.java:148)\r\n	', '2018-07-17 14:15:21', NULL),
(9, 2, 'step1', 9, '2018-07-17 14:21:45', '2018-07-17 14:21:45', 'FAILED', 0, 0, 0, 0, 0, 0, 0, 0, 'FAILED', 'org.springframework.batch.item.ItemStreamException: Failed to initialize the reader\r\n	at org.springframework.batch.item.support.AbstractItemCountingItemStreamItemReader.open(AbstractItemCountingItemStreamItemReader.java:149)\r\n	at org.springframework.batch.item.support.CompositeItemStream.open(CompositeItemStream.java:103)\r\n	at org.springframework.batch.core.step.tasklet.TaskletStep.open(TaskletStep.java:310)\r\n	at org.springframework.batch.core.step.AbstractStep.execute(AbstractStep.java:197)\r\n	at org.springframework.batch.core.job.SimpleStepHandler.handleStep(SimpleStepHandler.java:148)\r\n	at org.springframework.batch.core.job.flow.JobFlowExecutor.executeStep(JobFlowExecutor.java:66)\r\n	at org.springframework.batch.core.job.flow.support.state.StepState.handle(StepState.java:67)\r\n	at org.springframework.batch.core.job.flow.support.SimpleFlow.resume(SimpleFlow.java:169)\r\n	at org.springframework.batch.core.job.flow.support.SimpleFlow.start(SimpleFlow.java:144)\r\n	at org.springframework.batch.core.job.flow.FlowJob.doExecute(FlowJob.java:136)\r\n	at org.springframework.batch.core.job.AbstractJob.execute(AbstractJob.java:308)\r\n	at org.springframework.batch.core.launch.support.SimpleJobLauncher$1.run(SimpleJobLauncher.java:141)\r\n	at org.springframework.core.task.SyncTaskExecutor.execute(SyncTaskExecutor.java:50)\r\n	at org.springframework.batch.core.launch.support.SimpleJobLauncher.run(SimpleJobLauncher.java:134)\r\n	at sun.reflect.NativeMethodAccessorImpl.invoke0(Native Method)\r\n	at sun.reflect.NativeMethodAccessorImpl.invoke(NativeMethodAccessorImpl.java:62)\r\n	at sun.reflect.DelegatingMethodAccessorImpl.invoke(DelegatingMethodAccessorImpl.java:43)\r\n	at java.lang.reflect.Method.invoke(Method.java:498)\r\n	at org.springframework.aop.support.AopUtils.invokeJoinpointUsingReflection(AopUtils.java:343)\r\n	at org.springframework.aop.framework.ReflectiveMethodInvocation.invokeJoinpoint(ReflectiveMethodInvocation.java:197)\r\n	at org.springframework.aop.framework.ReflectiveMethodInvocation.proceed(ReflectiveMethodInvocation.java:163)\r\n	at org.springframework.batch.core.configuration.annotation.SimpleBatchConfiguration$PassthruAdvice.invoke(SimpleBatchConfiguration.java:127)\r\n	at org.springframework.aop.framework.ReflectiveMethodInvocation.proceed(ReflectiveMethodInvocation.java:185)\r\n	at org.springframework.aop.framework.JdkDynamicAopProxy.invoke(JdkDynamicAopProxy.java:212)\r\n	at com.sun.proxy.$Proxy62.run(Unknown Source)\r\n	at org.springframework.boot.autoconfigure.batch.JobLauncherC', '2018-07-17 14:21:45', NULL),
(10, 2, 'step1', 10, '2018-07-17 14:25:26', '2018-07-17 14:25:27', 'FAILED', 0, 0, 0, 0, 0, 0, 0, 1, 'FAILED', 'org.springframework.batch.item.file.FlatFileParseException: Parsing error at line: 3 in resource=[class path resource [newOne.csv]], input=[ì($}ÿ‡Ðv?‡I½Q.ž£uÓ‚¢hÙùØx>=¬î@ÁèpâH\"Ã~·}¢	¥n”Á§¢*\"ƒHº×ºØ–†ÅÚé8”Zæ^\'´#ö¤7m{«óOœ3ÕÑÈG·uÂÜ“˜\'ýÎy|a›Š­D¿	å®ó–l_EYÈ¾˜\0½ì²ùvql3×MË™þfsý: CÁ/ê*Õ\0Êâ©\\ºYÂ”þû:4EGîÂHŸýÀîPKnCú\"ã\0\0\0I\0\0PK\0\0]\r\n	at org.springframework.batch.item.file.FlatFileItemReader.doRead(FlatFileItemReader.java:184)\r\n	at org.springframework.batch.item.support.AbstractItemCountingItemStreamItemReader.read(AbstractItemCountingItemStreamItemReader.java:89)\r\n	at org.springframework.batch.core.step.item.SimpleChunkProvider.doRead(SimpleChunkProvider.java:91)\r\n	at org.springframework.batch.core.step.item.SimpleChunkProvider.read(SimpleChunkProvider.java:157)\r\n	at org.springframework.batch.core.step.item.SimpleChunkProvider$1.doInIteration(SimpleChunkProvider.java:116)\r\n	at org.springframework.batch.repeat.support.RepeatTemplate.getNextResult(RepeatTemplate.java:375)\r\n	at org.springframework.batch.repeat.support.RepeatTemplate.executeInternal(RepeatTemplate.java:215)\r\n	at org.springframework.batch.repeat.support.RepeatTemplate.iterate(RepeatTemplate.java:145)\r\n	at org.springframework.batch.core.step.item.SimpleChunkProvider.provide(SimpleChunkProvider.java:110)\r\n	at org.springframework.batch.core.step.item.ChunkOrientedTasklet.execute(ChunkOrientedTasklet.java:69)\r\n	at org.springframework.batch.core.step.tasklet.TaskletStep$ChunkTransactionCallback.doInTransaction(TaskletStep.java:406)\r\n	at org.springframework.batch.core.step.tasklet.TaskletStep$ChunkTransactionCallback.doInTransaction(TaskletStep.java:330)\r\n	at org.springframework.transaction.support.TransactionTemplate.execute(TransactionTemplate.java:140)\r\n	at org.springframework.batch.core.step.tasklet.TaskletStep$2.doInChunkContext(TaskletStep.java:272)\r\n	at org.springframework.batch.core.scope.context.StepContextRepeatCallback.doInIteration(StepContextRepeatCallback.java:81)\r\n	at org.springframework.batch.repeat.support.RepeatTemplate.getNextResult(RepeatTemplate.java:375)\r\n	at org.springframework.batch.repeat.support.RepeatTemplate.executeInternal(RepeatTemplate.java:215)\r\n	at org.springframework.batch.repeat.support.RepeatTemplate.iterate(RepeatTemplate.java:145)\r\n	at org.springframework.batch.core.step.tasklet.TaskletStep.doExecute(TaskletStep.java:257)\r\n	at org.springframework.batch.core.step.AbstractStep.execute(AbstractStep.java:200)\r\n	at org.springframework.batch.core.jo', '2018-07-17 14:25:27', NULL),
(11, 2, 'step1', 11, '2018-07-17 17:11:29', '2018-07-17 17:11:29', 'FAILED', 0, 0, 0, 0, 0, 0, 0, 0, 'FAILED', 'org.springframework.batch.item.ItemStreamException: Failed to initialize the reader\r\n	at org.springframework.batch.item.support.AbstractItemCountingItemStreamItemReader.open(AbstractItemCountingItemStreamItemReader.java:149)\r\n	at org.springframework.batch.item.support.CompositeItemStream.open(CompositeItemStream.java:103)\r\n	at org.springframework.batch.core.step.tasklet.TaskletStep.open(TaskletStep.java:310)\r\n	at org.springframework.batch.core.step.AbstractStep.execute(AbstractStep.java:197)\r\n	at org.springframework.batch.core.job.SimpleStepHandler.handleStep(SimpleStepHandler.java:148)\r\n	at org.springframework.batch.core.job.flow.JobFlowExecutor.executeStep(JobFlowExecutor.java:66)\r\n	at org.springframework.batch.core.job.flow.support.state.StepState.handle(StepState.java:67)\r\n	at org.springframework.batch.core.job.flow.support.SimpleFlow.resume(SimpleFlow.java:169)\r\n	at org.springframework.batch.core.job.flow.support.SimpleFlow.start(SimpleFlow.java:144)\r\n	at org.springframework.batch.core.job.flow.FlowJob.doExecute(FlowJob.java:136)\r\n	at org.springframework.batch.core.job.AbstractJob.execute(AbstractJob.java:308)\r\n	at org.springframework.batch.core.launch.support.SimpleJobLauncher$1.run(SimpleJobLauncher.java:141)\r\n	at org.springframework.core.task.SyncTaskExecutor.execute(SyncTaskExecutor.java:50)\r\n	at org.springframework.batch.core.launch.support.SimpleJobLauncher.run(SimpleJobLauncher.java:134)\r\n	at sun.reflect.NativeMethodAccessorImpl.invoke0(Native Method)\r\n	at sun.reflect.NativeMethodAccessorImpl.invoke(NativeMethodAccessorImpl.java:62)\r\n	at sun.reflect.DelegatingMethodAccessorImpl.invoke(DelegatingMethodAccessorImpl.java:43)\r\n	at java.lang.reflect.Method.invoke(Method.java:498)\r\n	at org.springframework.aop.support.AopUtils.invokeJoinpointUsingReflection(AopUtils.java:343)\r\n	at org.springframework.aop.framework.ReflectiveMethodInvocation.invokeJoinpoint(ReflectiveMethodInvocation.java:197)\r\n	at org.springframework.aop.framework.ReflectiveMethodInvocation.proceed(ReflectiveMethodInvocation.java:163)\r\n	at org.springframework.batch.core.configuration.annotation.SimpleBatchConfiguration$PassthruAdvice.invoke(SimpleBatchConfiguration.java:127)\r\n	at org.springframework.aop.framework.ReflectiveMethodInvocation.proceed(ReflectiveMethodInvocation.java:185)\r\n	at org.springframework.aop.framework.JdkDynamicAopProxy.invoke(JdkDynamicAopProxy.java:212)\r\n	at com.sun.proxy.$Proxy68.run(Unknown Source)\r\n	at org.springframework.boot.autoconfigure.batch.JobLauncherC', '2018-07-17 17:11:29', NULL),
(12, 2, 'step1', 12, '2018-07-17 17:12:57', '2018-07-17 17:13:25', 'FAILED', 0, 0, 0, 0, 0, 0, 0, 0, 'FAILED', 'java.lang.NoSuchFieldError: CREATE_NULL_AS_BLANK\r\n	at org.springframework.batch.item.excel.poi.PoiItemReader.openExcelFile(PoiItemReader.java:85)\r\n	at org.springframework.batch.item.excel.AbstractExcelItemReader.doOpen(AbstractExcelItemReader.java:111)\r\n	at org.springframework.batch.item.support.AbstractItemCountingItemStreamItemReader.open(AbstractItemCountingItemStreamItemReader.java:146)\r\n	at org.springframework.batch.item.support.CompositeItemStream.open(CompositeItemStream.java:103)\r\n	at org.springframework.batch.core.step.tasklet.TaskletStep.open(TaskletStep.java:310)\r\n	at org.springframework.batch.core.step.AbstractStep.execute(AbstractStep.java:197)\r\n	at org.springframework.batch.core.job.SimpleStepHandler.handleStep(SimpleStepHandler.java:148)\r\n	at org.springframework.batch.core.job.flow.JobFlowExecutor.executeStep(JobFlowExecutor.java:66)\r\n	at org.springframework.batch.core.job.flow.support.state.StepState.handle(StepState.java:67)\r\n	at org.springframework.batch.core.job.flow.support.SimpleFlow.resume(SimpleFlow.java:169)\r\n	at org.springframework.batch.core.job.flow.support.SimpleFlow.start(SimpleFlow.java:144)\r\n	at org.springframework.batch.core.job.flow.FlowJob.doExecute(FlowJob.java:136)\r\n	at org.springframework.batch.core.job.AbstractJob.execute(AbstractJob.java:308)\r\n	at org.springframework.batch.core.launch.support.SimpleJobLauncher$1.run(SimpleJobLauncher.java:141)\r\n	at org.springframework.core.task.SyncTaskExecutor.execute(SyncTaskExecutor.java:50)\r\n	at org.springframework.batch.core.launch.support.SimpleJobLauncher.run(SimpleJobLauncher.java:134)\r\n	at sun.reflect.NativeMethodAccessorImpl.invoke0(Native Method)\r\n	at sun.reflect.NativeMethodAccessorImpl.invoke(NativeMethodAccessorImpl.java:62)\r\n	at sun.reflect.DelegatingMethodAccessorImpl.invoke(DelegatingMethodAccessorImpl.java:43)\r\n	at java.lang.reflect.Method.invoke(Method.java:498)\r\n	at org.springframework.aop.support.AopUtils.invokeJoinpointUsingReflection(AopUtils.java:343)\r\n	at org.springframework.aop.framework.ReflectiveMethodInvocation.invokeJoinpoint(ReflectiveMethodInvocation.java:197)\r\n	at org.springframework.aop.framework.ReflectiveMethodInvocation.proceed(ReflectiveMethodInvocation.java:163)\r\n	at org.springframework.batch.core.configuration.annotation.SimpleBatchConfiguration$PassthruAdvice.invoke(SimpleBatchConfiguration.java:127)\r\n	at org.springframework.aop.framework.ReflectiveMethodInvocation.proceed(ReflectiveMethodInvocation.java:185)\r\n	at org.springframework.aop.framew', '2018-07-17 17:13:25', NULL),
(13, 2, 'step1', 13, '2018-07-17 17:16:09', '2018-07-17 17:16:17', 'FAILED', 0, 0, 0, 0, 0, 0, 0, 1, 'FAILED', 'org.springframework.batch.item.excel.ExcelFileParseException: Exception parsing Excel file.\r\n	at org.springframework.batch.item.excel.AbstractExcelItemReader.doRead(AbstractExcelItemReader.java:73)\r\n	at org.springframework.batch.item.support.AbstractItemCountingItemStreamItemReader.read(AbstractItemCountingItemStreamItemReader.java:89)\r\n	at org.springframework.batch.core.step.item.SimpleChunkProvider.doRead(SimpleChunkProvider.java:91)\r\n	at org.springframework.batch.core.step.item.SimpleChunkProvider.read(SimpleChunkProvider.java:157)\r\n	at org.springframework.batch.core.step.item.SimpleChunkProvider$1.doInIteration(SimpleChunkProvider.java:116)\r\n	at org.springframework.batch.repeat.support.RepeatTemplate.getNextResult(RepeatTemplate.java:375)\r\n	at org.springframework.batch.repeat.support.RepeatTemplate.executeInternal(RepeatTemplate.java:215)\r\n	at org.springframework.batch.repeat.support.RepeatTemplate.iterate(RepeatTemplate.java:145)\r\n	at org.springframework.batch.core.step.item.SimpleChunkProvider.provide(SimpleChunkProvider.java:110)\r\n	at org.springframework.batch.core.step.item.ChunkOrientedTasklet.execute(ChunkOrientedTasklet.java:69)\r\n	at org.springframework.batch.core.step.tasklet.TaskletStep$ChunkTransactionCallback.doInTransaction(TaskletStep.java:406)\r\n	at org.springframework.batch.core.step.tasklet.TaskletStep$ChunkTransactionCallback.doInTransaction(TaskletStep.java:330)\r\n	at org.springframework.transaction.support.TransactionTemplate.execute(TransactionTemplate.java:140)\r\n	at org.springframework.batch.core.step.tasklet.TaskletStep$2.doInChunkContext(TaskletStep.java:272)\r\n	at org.springframework.batch.core.scope.context.StepContextRepeatCallback.doInIteration(StepContextRepeatCallback.java:81)\r\n	at org.springframework.batch.repeat.support.RepeatTemplate.getNextResult(RepeatTemplate.java:375)\r\n	at org.springframework.batch.repeat.support.RepeatTemplate.executeInternal(RepeatTemplate.java:215)\r\n	at org.springframework.batch.repeat.support.RepeatTemplate.iterate(RepeatTemplate.java:145)\r\n	at org.springframework.batch.core.step.tasklet.TaskletStep.doExecute(TaskletStep.java:257)\r\n	at org.springframework.batch.core.step.AbstractStep.execute(AbstractStep.java:200)\r\n	at org.springframework.batch.core.job.SimpleStepHandler.handleStep(SimpleStepHandler.java:148)\r\n	at org.springframework.batch.core.job.flow.JobFlowExecutor.executeStep(JobFlowExecutor.java:66)\r\n	at org.springframework.batch.core.job.flow.support.state.StepState.handle(StepState.java:67)\r', '2018-07-17 17:16:17', NULL),
(14, 2, 'step1', 14, '2018-07-17 17:21:47', '2018-07-17 17:22:05', 'FAILED', 0, 0, 0, 0, 0, 0, 0, 1, 'FAILED', 'org.springframework.batch.item.excel.ExcelFileParseException: Exception parsing Excel file.\r\n	at org.springframework.batch.item.excel.AbstractExcelItemReader.doRead(AbstractExcelItemReader.java:73)\r\n	at org.springframework.batch.item.support.AbstractItemCountingItemStreamItemReader.read(AbstractItemCountingItemStreamItemReader.java:89)\r\n	at org.springframework.batch.core.step.item.SimpleChunkProvider.doRead(SimpleChunkProvider.java:91)\r\n	at org.springframework.batch.core.step.item.SimpleChunkProvider.read(SimpleChunkProvider.java:157)\r\n	at org.springframework.batch.core.step.item.SimpleChunkProvider$1.doInIteration(SimpleChunkProvider.java:116)\r\n	at org.springframework.batch.repeat.support.RepeatTemplate.getNextResult(RepeatTemplate.java:375)\r\n	at org.springframework.batch.repeat.support.RepeatTemplate.executeInternal(RepeatTemplate.java:215)\r\n	at org.springframework.batch.repeat.support.RepeatTemplate.iterate(RepeatTemplate.java:145)\r\n	at org.springframework.batch.core.step.item.SimpleChunkProvider.provide(SimpleChunkProvider.java:110)\r\n	at org.springframework.batch.core.step.item.ChunkOrientedTasklet.execute(ChunkOrientedTasklet.java:69)\r\n	at org.springframework.batch.core.step.tasklet.TaskletStep$ChunkTransactionCallback.doInTransaction(TaskletStep.java:406)\r\n	at org.springframework.batch.core.step.tasklet.TaskletStep$ChunkTransactionCallback.doInTransaction(TaskletStep.java:330)\r\n	at org.springframework.transaction.support.TransactionTemplate.execute(TransactionTemplate.java:140)\r\n	at org.springframework.batch.core.step.tasklet.TaskletStep$2.doInChunkContext(TaskletStep.java:272)\r\n	at org.springframework.batch.core.scope.context.StepContextRepeatCallback.doInIteration(StepContextRepeatCallback.java:81)\r\n	at org.springframework.batch.repeat.support.RepeatTemplate.getNextResult(RepeatTemplate.java:375)\r\n	at org.springframework.batch.repeat.support.RepeatTemplate.executeInternal(RepeatTemplate.java:215)\r\n	at org.springframework.batch.repeat.support.RepeatTemplate.iterate(RepeatTemplate.java:145)\r\n	at org.springframework.batch.core.step.tasklet.TaskletStep.doExecute(TaskletStep.java:257)\r\n	at org.springframework.batch.core.step.AbstractStep.execute(AbstractStep.java:200)\r\n	at org.springframework.batch.core.job.SimpleStepHandler.handleStep(SimpleStepHandler.java:148)\r\n	at org.springframework.batch.core.job.flow.JobFlowExecutor.executeStep(JobFlowExecutor.java:66)\r\n	at org.springframework.batch.core.job.flow.support.state.StepState.handle(StepState.java:67)\r', '2018-07-17 17:22:05', NULL),
(15, 2, 'step1', 15, '2018-07-17 17:24:11', '2018-07-17 17:24:23', 'FAILED', 0, 0, 0, 0, 0, 0, 0, 1, 'FAILED', 'org.springframework.batch.item.excel.ExcelFileParseException: Exception parsing Excel file.\r\n	at org.springframework.batch.item.excel.AbstractExcelItemReader.doRead(AbstractExcelItemReader.java:73)\r\n	at org.springframework.batch.item.support.AbstractItemCountingItemStreamItemReader.read(AbstractItemCountingItemStreamItemReader.java:89)\r\n	at org.springframework.batch.core.step.item.SimpleChunkProvider.doRead(SimpleChunkProvider.java:91)\r\n	at org.springframework.batch.core.step.item.SimpleChunkProvider.read(SimpleChunkProvider.java:157)\r\n	at org.springframework.batch.core.step.item.SimpleChunkProvider$1.doInIteration(SimpleChunkProvider.java:116)\r\n	at org.springframework.batch.repeat.support.RepeatTemplate.getNextResult(RepeatTemplate.java:375)\r\n	at org.springframework.batch.repeat.support.RepeatTemplate.executeInternal(RepeatTemplate.java:215)\r\n	at org.springframework.batch.repeat.support.RepeatTemplate.iterate(RepeatTemplate.java:145)\r\n	at org.springframework.batch.core.step.item.SimpleChunkProvider.provide(SimpleChunkProvider.java:110)\r\n	at org.springframework.batch.core.step.item.ChunkOrientedTasklet.execute(ChunkOrientedTasklet.java:69)\r\n	at org.springframework.batch.core.step.tasklet.TaskletStep$ChunkTransactionCallback.doInTransaction(TaskletStep.java:406)\r\n	at org.springframework.batch.core.step.tasklet.TaskletStep$ChunkTransactionCallback.doInTransaction(TaskletStep.java:330)\r\n	at org.springframework.transaction.support.TransactionTemplate.execute(TransactionTemplate.java:140)\r\n	at org.springframework.batch.core.step.tasklet.TaskletStep$2.doInChunkContext(TaskletStep.java:272)\r\n	at org.springframework.batch.core.scope.context.StepContextRepeatCallback.doInIteration(StepContextRepeatCallback.java:81)\r\n	at org.springframework.batch.repeat.support.RepeatTemplate.getNextResult(RepeatTemplate.java:375)\r\n	at org.springframework.batch.repeat.support.RepeatTemplate.executeInternal(RepeatTemplate.java:215)\r\n	at org.springframework.batch.repeat.support.RepeatTemplate.iterate(RepeatTemplate.java:145)\r\n	at org.springframework.batch.core.step.tasklet.TaskletStep.doExecute(TaskletStep.java:257)\r\n	at org.springframework.batch.core.step.AbstractStep.execute(AbstractStep.java:200)\r\n	at org.springframework.batch.core.job.SimpleStepHandler.handleStep(SimpleStepHandler.java:148)\r\n	at org.springframework.batch.core.job.flow.JobFlowExecutor.executeStep(JobFlowExecutor.java:66)\r\n	at org.springframework.batch.core.job.flow.support.state.StepState.handle(StepState.java:67)\r', '2018-07-17 17:24:23', NULL);
INSERT INTO `batch_step_execution` (`STEP_EXECUTION_ID`, `VERSION`, `STEP_NAME`, `JOB_EXECUTION_ID`, `START_TIME`, `END_TIME`, `STATUS`, `COMMIT_COUNT`, `READ_COUNT`, `FILTER_COUNT`, `WRITE_COUNT`, `READ_SKIP_COUNT`, `WRITE_SKIP_COUNT`, `PROCESS_SKIP_COUNT`, `ROLLBACK_COUNT`, `EXIT_CODE`, `EXIT_MESSAGE`, `LAST_UPDATED`, `JOB_CONFIGURATION_LOCATION`) VALUES
(16, 2, 'step1', 16, '2018-07-17 17:38:35', '2018-07-17 17:38:44', 'FAILED', 0, 0, 0, 0, 0, 0, 0, 1, 'FAILED', 'org.springframework.batch.item.excel.ExcelFileParseException: Exception parsing Excel file.\r\n	at org.springframework.batch.item.excel.AbstractExcelItemReader.doRead(AbstractExcelItemReader.java:73)\r\n	at org.springframework.batch.item.support.AbstractItemCountingItemStreamItemReader.read(AbstractItemCountingItemStreamItemReader.java:89)\r\n	at org.springframework.batch.core.step.item.SimpleChunkProvider.doRead(SimpleChunkProvider.java:91)\r\n	at org.springframework.batch.core.step.item.SimpleChunkProvider.read(SimpleChunkProvider.java:157)\r\n	at org.springframework.batch.core.step.item.SimpleChunkProvider$1.doInIteration(SimpleChunkProvider.java:116)\r\n	at org.springframework.batch.repeat.support.RepeatTemplate.getNextResult(RepeatTemplate.java:375)\r\n	at org.springframework.batch.repeat.support.RepeatTemplate.executeInternal(RepeatTemplate.java:215)\r\n	at org.springframework.batch.repeat.support.RepeatTemplate.iterate(RepeatTemplate.java:145)\r\n	at org.springframework.batch.core.step.item.SimpleChunkProvider.provide(SimpleChunkProvider.java:110)\r\n	at org.springframework.batch.core.step.item.ChunkOrientedTasklet.execute(ChunkOrientedTasklet.java:69)\r\n	at org.springframework.batch.core.step.tasklet.TaskletStep$ChunkTransactionCallback.doInTransaction(TaskletStep.java:406)\r\n	at org.springframework.batch.core.step.tasklet.TaskletStep$ChunkTransactionCallback.doInTransaction(TaskletStep.java:330)\r\n	at org.springframework.transaction.support.TransactionTemplate.execute(TransactionTemplate.java:140)\r\n	at org.springframework.batch.core.step.tasklet.TaskletStep$2.doInChunkContext(TaskletStep.java:272)\r\n	at org.springframework.batch.core.scope.context.StepContextRepeatCallback.doInIteration(StepContextRepeatCallback.java:81)\r\n	at org.springframework.batch.repeat.support.RepeatTemplate.getNextResult(RepeatTemplate.java:375)\r\n	at org.springframework.batch.repeat.support.RepeatTemplate.executeInternal(RepeatTemplate.java:215)\r\n	at org.springframework.batch.repeat.support.RepeatTemplate.iterate(RepeatTemplate.java:145)\r\n	at org.springframework.batch.core.step.tasklet.TaskletStep.doExecute(TaskletStep.java:257)\r\n	at org.springframework.batch.core.step.AbstractStep.execute(AbstractStep.java:200)\r\n	at org.springframework.batch.core.job.SimpleStepHandler.handleStep(SimpleStepHandler.java:148)\r\n	at org.springframework.batch.core.job.flow.JobFlowExecutor.executeStep(JobFlowExecutor.java:66)\r\n	at org.springframework.batch.core.job.flow.support.state.StepState.handle(StepState.java:67)\r', '2018-07-17 17:38:44', NULL),
(17, 2, 'step1', 17, '2018-07-17 17:52:18', '2018-07-17 17:52:31', 'FAILED', 0, 0, 0, 0, 0, 0, 0, 1, 'FAILED', 'org.springframework.batch.item.excel.ExcelFileParseException: Exception parsing Excel file.\r\n	at org.springframework.batch.item.excel.AbstractExcelItemReader.doRead(AbstractExcelItemReader.java:73)\r\n	at org.springframework.batch.item.support.AbstractItemCountingItemStreamItemReader.read(AbstractItemCountingItemStreamItemReader.java:89)\r\n	at org.springframework.batch.core.step.item.SimpleChunkProvider.doRead(SimpleChunkProvider.java:91)\r\n	at org.springframework.batch.core.step.item.SimpleChunkProvider.read(SimpleChunkProvider.java:157)\r\n	at org.springframework.batch.core.step.item.SimpleChunkProvider$1.doInIteration(SimpleChunkProvider.java:116)\r\n	at org.springframework.batch.repeat.support.RepeatTemplate.getNextResult(RepeatTemplate.java:375)\r\n	at org.springframework.batch.repeat.support.RepeatTemplate.executeInternal(RepeatTemplate.java:215)\r\n	at org.springframework.batch.repeat.support.RepeatTemplate.iterate(RepeatTemplate.java:145)\r\n	at org.springframework.batch.core.step.item.SimpleChunkProvider.provide(SimpleChunkProvider.java:110)\r\n	at org.springframework.batch.core.step.item.ChunkOrientedTasklet.execute(ChunkOrientedTasklet.java:69)\r\n	at org.springframework.batch.core.step.tasklet.TaskletStep$ChunkTransactionCallback.doInTransaction(TaskletStep.java:406)\r\n	at org.springframework.batch.core.step.tasklet.TaskletStep$ChunkTransactionCallback.doInTransaction(TaskletStep.java:330)\r\n	at org.springframework.transaction.support.TransactionTemplate.execute(TransactionTemplate.java:140)\r\n	at org.springframework.batch.core.step.tasklet.TaskletStep$2.doInChunkContext(TaskletStep.java:272)\r\n	at org.springframework.batch.core.scope.context.StepContextRepeatCallback.doInIteration(StepContextRepeatCallback.java:81)\r\n	at org.springframework.batch.repeat.support.RepeatTemplate.getNextResult(RepeatTemplate.java:375)\r\n	at org.springframework.batch.repeat.support.RepeatTemplate.executeInternal(RepeatTemplate.java:215)\r\n	at org.springframework.batch.repeat.support.RepeatTemplate.iterate(RepeatTemplate.java:145)\r\n	at org.springframework.batch.core.step.tasklet.TaskletStep.doExecute(TaskletStep.java:257)\r\n	at org.springframework.batch.core.step.AbstractStep.execute(AbstractStep.java:200)\r\n	at org.springframework.batch.core.job.SimpleStepHandler.handleStep(SimpleStepHandler.java:148)\r\n	at org.springframework.batch.core.job.flow.JobFlowExecutor.executeStep(JobFlowExecutor.java:66)\r\n	at org.springframework.batch.core.job.flow.support.state.StepState.handle(StepState.java:67)\r', '2018-07-17 17:52:31', NULL),
(18, 2, 'step1', 18, '2018-07-17 18:21:04', '2018-07-17 18:21:22', 'FAILED', 0, 0, 0, 0, 0, 0, 0, 1, 'FAILED', 'org.springframework.batch.item.excel.ExcelFileParseException: Exception parsing Excel file.\r\n	at org.springframework.batch.item.excel.AbstractExcelItemReader.doRead(AbstractExcelItemReader.java:73)\r\n	at org.springframework.batch.item.support.AbstractItemCountingItemStreamItemReader.read(AbstractItemCountingItemStreamItemReader.java:89)\r\n	at org.springframework.batch.core.step.item.SimpleChunkProvider.doRead(SimpleChunkProvider.java:91)\r\n	at org.springframework.batch.core.step.item.SimpleChunkProvider.read(SimpleChunkProvider.java:157)\r\n	at org.springframework.batch.core.step.item.SimpleChunkProvider$1.doInIteration(SimpleChunkProvider.java:116)\r\n	at org.springframework.batch.repeat.support.RepeatTemplate.getNextResult(RepeatTemplate.java:375)\r\n	at org.springframework.batch.repeat.support.RepeatTemplate.executeInternal(RepeatTemplate.java:215)\r\n	at org.springframework.batch.repeat.support.RepeatTemplate.iterate(RepeatTemplate.java:145)\r\n	at org.springframework.batch.core.step.item.SimpleChunkProvider.provide(SimpleChunkProvider.java:110)\r\n	at org.springframework.batch.core.step.item.ChunkOrientedTasklet.execute(ChunkOrientedTasklet.java:69)\r\n	at org.springframework.batch.core.step.tasklet.TaskletStep$ChunkTransactionCallback.doInTransaction(TaskletStep.java:406)\r\n	at org.springframework.batch.core.step.tasklet.TaskletStep$ChunkTransactionCallback.doInTransaction(TaskletStep.java:330)\r\n	at org.springframework.transaction.support.TransactionTemplate.execute(TransactionTemplate.java:140)\r\n	at org.springframework.batch.core.step.tasklet.TaskletStep$2.doInChunkContext(TaskletStep.java:272)\r\n	at org.springframework.batch.core.scope.context.StepContextRepeatCallback.doInIteration(StepContextRepeatCallback.java:81)\r\n	at org.springframework.batch.repeat.support.RepeatTemplate.getNextResult(RepeatTemplate.java:375)\r\n	at org.springframework.batch.repeat.support.RepeatTemplate.executeInternal(RepeatTemplate.java:215)\r\n	at org.springframework.batch.repeat.support.RepeatTemplate.iterate(RepeatTemplate.java:145)\r\n	at org.springframework.batch.core.step.tasklet.TaskletStep.doExecute(TaskletStep.java:257)\r\n	at org.springframework.batch.core.step.AbstractStep.execute(AbstractStep.java:200)\r\n	at org.springframework.batch.core.job.SimpleStepHandler.handleStep(SimpleStepHandler.java:148)\r\n	at org.springframework.batch.core.job.flow.JobFlowExecutor.executeStep(JobFlowExecutor.java:66)\r\n	at org.springframework.batch.core.job.flow.support.state.StepState.handle(StepState.java:67)\r', '2018-07-17 18:21:22', NULL),
(19, 2, 'step1', 19, '2018-07-17 18:33:59', '2018-07-17 18:34:18', 'FAILED', 0, 0, 0, 0, 0, 0, 0, 1, 'FAILED', 'org.springframework.batch.item.excel.ExcelFileParseException: Exception parsing Excel file.\r\n	at org.springframework.batch.item.excel.AbstractExcelItemReader.doRead(AbstractExcelItemReader.java:73)\r\n	at org.springframework.batch.item.support.AbstractItemCountingItemStreamItemReader.read(AbstractItemCountingItemStreamItemReader.java:89)\r\n	at org.springframework.batch.core.step.item.SimpleChunkProvider.doRead(SimpleChunkProvider.java:91)\r\n	at org.springframework.batch.core.step.item.SimpleChunkProvider.read(SimpleChunkProvider.java:157)\r\n	at org.springframework.batch.core.step.item.SimpleChunkProvider$1.doInIteration(SimpleChunkProvider.java:116)\r\n	at org.springframework.batch.repeat.support.RepeatTemplate.getNextResult(RepeatTemplate.java:375)\r\n	at org.springframework.batch.repeat.support.RepeatTemplate.executeInternal(RepeatTemplate.java:215)\r\n	at org.springframework.batch.repeat.support.RepeatTemplate.iterate(RepeatTemplate.java:145)\r\n	at org.springframework.batch.core.step.item.SimpleChunkProvider.provide(SimpleChunkProvider.java:110)\r\n	at org.springframework.batch.core.step.item.ChunkOrientedTasklet.execute(ChunkOrientedTasklet.java:69)\r\n	at org.springframework.batch.core.step.tasklet.TaskletStep$ChunkTransactionCallback.doInTransaction(TaskletStep.java:406)\r\n	at org.springframework.batch.core.step.tasklet.TaskletStep$ChunkTransactionCallback.doInTransaction(TaskletStep.java:330)\r\n	at org.springframework.transaction.support.TransactionTemplate.execute(TransactionTemplate.java:140)\r\n	at org.springframework.batch.core.step.tasklet.TaskletStep$2.doInChunkContext(TaskletStep.java:272)\r\n	at org.springframework.batch.core.scope.context.StepContextRepeatCallback.doInIteration(StepContextRepeatCallback.java:81)\r\n	at org.springframework.batch.repeat.support.RepeatTemplate.getNextResult(RepeatTemplate.java:375)\r\n	at org.springframework.batch.repeat.support.RepeatTemplate.executeInternal(RepeatTemplate.java:215)\r\n	at org.springframework.batch.repeat.support.RepeatTemplate.iterate(RepeatTemplate.java:145)\r\n	at org.springframework.batch.core.step.tasklet.TaskletStep.doExecute(TaskletStep.java:257)\r\n	at org.springframework.batch.core.step.AbstractStep.execute(AbstractStep.java:200)\r\n	at org.springframework.batch.core.job.SimpleStepHandler.handleStep(SimpleStepHandler.java:148)\r\n	at org.springframework.batch.core.job.flow.JobFlowExecutor.executeStep(JobFlowExecutor.java:66)\r\n	at org.springframework.batch.core.job.flow.support.state.StepState.handle(StepState.java:67)\r', '2018-07-17 18:34:18', NULL),
(20, 2, 'step1', 20, '2018-07-17 18:37:31', '2018-07-17 18:37:43', 'FAILED', 0, 3, 0, 0, 0, 0, 0, 1, 'FAILED', 'org.springframework.dao.InvalidDataAccessApiUsageException: No value supplied for the SQL parameter \'MiddleInitial\': Invalid property \'MiddleInitial\' of bean class [com.msanduku.challenge.model.Users]: Bean property \'MiddleInitial\' is not readable or has an invalid getter method: Does the return type of the getter match the parameter type of the setter?\r\n	at org.springframework.jdbc.core.namedparam.NamedParameterUtils.buildValueArray(NamedParameterUtils.java:355)\r\n	at org.springframework.jdbc.core.namedparam.NamedParameterBatchUpdateUtils$1.setValues(NamedParameterBatchUpdateUtils.java:48)\r\n	at org.springframework.jdbc.core.JdbcTemplate.lambda$batchUpdate$2(JdbcTemplate.java:932)\r\n	at org.springframework.jdbc.core.JdbcTemplate.execute(JdbcTemplate.java:605)\r\n	at org.springframework.jdbc.core.JdbcTemplate.execute(JdbcTemplate.java:634)\r\n	at org.springframework.jdbc.core.JdbcTemplate.batchUpdate(JdbcTemplate.java:924)\r\n	at org.springframework.jdbc.core.namedparam.NamedParameterBatchUpdateUtils.executeBatchUpdateWithNamedParameters(NamedParameterBatchUpdateUtils.java:43)\r\n	at org.springframework.jdbc.core.namedparam.NamedParameterJdbcTemplate.batchUpdate(NamedParameterJdbcTemplate.java:355)\r\n	at org.springframework.batch.item.database.JdbcBatchItemWriter.write(JdbcBatchItemWriter.java:182)\r\n	at org.springframework.batch.core.step.item.SimpleChunkProcessor.writeItems(SimpleChunkProcessor.java:185)\r\n	at org.springframework.batch.core.step.item.SimpleChunkProcessor.doWrite(SimpleChunkProcessor.java:151)\r\n	at org.springframework.batch.core.step.item.SimpleChunkProcessor.write(SimpleChunkProcessor.java:284)\r\n	at org.springframework.batch.core.step.item.SimpleChunkProcessor.process(SimpleChunkProcessor.java:209)\r\n	at org.springframework.batch.core.step.item.ChunkOrientedTasklet.execute(ChunkOrientedTasklet.java:75)\r\n	at org.springframework.batch.core.step.tasklet.TaskletStep$ChunkTransactionCallback.doInTransaction(TaskletStep.java:406)\r\n	at org.springframework.batch.core.step.tasklet.TaskletStep$ChunkTransactionCallback.doInTransaction(TaskletStep.java:330)\r\n	at org.springframework.transaction.support.TransactionTemplate.execute(TransactionTemplate.java:140)\r\n	at org.springframework.batch.core.step.tasklet.TaskletStep$2.doInChunkContext(TaskletStep.java:272)\r\n	at org.springframework.batch.core.scope.context.StepContextRepeatCallback.doInIteration(StepContextRepeatCallback.java:81)\r\n	at org.springframework.batch.repeat.support.RepeatTemplate.getNextResult(RepeatTem', '2018-07-17 18:37:43', NULL),
(21, 2, 'step1', 21, '2018-07-17 23:03:21', '2018-07-17 23:03:36', 'FAILED', 0, 3, 0, 0, 0, 0, 0, 1, 'FAILED', 'org.springframework.dao.InvalidDataAccessApiUsageException: No value supplied for the SQL parameter \'MiddleInitial\': Invalid property \'MiddleInitial\' of bean class [com.msanduku.challenge.model.Users]: Bean property \'MiddleInitial\' is not readable or has an invalid getter method: Does the return type of the getter match the parameter type of the setter?\r\n	at org.springframework.jdbc.core.namedparam.NamedParameterUtils.buildValueArray(NamedParameterUtils.java:355)\r\n	at org.springframework.jdbc.core.namedparam.NamedParameterBatchUpdateUtils$1.setValues(NamedParameterBatchUpdateUtils.java:48)\r\n	at org.springframework.jdbc.core.JdbcTemplate.lambda$batchUpdate$2(JdbcTemplate.java:932)\r\n	at org.springframework.jdbc.core.JdbcTemplate.execute(JdbcTemplate.java:605)\r\n	at org.springframework.jdbc.core.JdbcTemplate.execute(JdbcTemplate.java:634)\r\n	at org.springframework.jdbc.core.JdbcTemplate.batchUpdate(JdbcTemplate.java:924)\r\n	at org.springframework.jdbc.core.namedparam.NamedParameterBatchUpdateUtils.executeBatchUpdateWithNamedParameters(NamedParameterBatchUpdateUtils.java:43)\r\n	at org.springframework.jdbc.core.namedparam.NamedParameterJdbcTemplate.batchUpdate(NamedParameterJdbcTemplate.java:355)\r\n	at org.springframework.batch.item.database.JdbcBatchItemWriter.write(JdbcBatchItemWriter.java:182)\r\n	at org.springframework.batch.core.step.item.SimpleChunkProcessor.writeItems(SimpleChunkProcessor.java:185)\r\n	at org.springframework.batch.core.step.item.SimpleChunkProcessor.doWrite(SimpleChunkProcessor.java:151)\r\n	at org.springframework.batch.core.step.item.SimpleChunkProcessor.write(SimpleChunkProcessor.java:284)\r\n	at org.springframework.batch.core.step.item.SimpleChunkProcessor.process(SimpleChunkProcessor.java:209)\r\n	at org.springframework.batch.core.step.item.ChunkOrientedTasklet.execute(ChunkOrientedTasklet.java:75)\r\n	at org.springframework.batch.core.step.tasklet.TaskletStep$ChunkTransactionCallback.doInTransaction(TaskletStep.java:406)\r\n	at org.springframework.batch.core.step.tasklet.TaskletStep$ChunkTransactionCallback.doInTransaction(TaskletStep.java:330)\r\n	at org.springframework.transaction.support.TransactionTemplate.execute(TransactionTemplate.java:140)\r\n	at org.springframework.batch.core.step.tasklet.TaskletStep$2.doInChunkContext(TaskletStep.java:272)\r\n	at org.springframework.batch.core.scope.context.StepContextRepeatCallback.doInIteration(StepContextRepeatCallback.java:81)\r\n	at org.springframework.batch.repeat.support.RepeatTemplate.getNextResult(RepeatTem', '2018-07-17 23:03:36', NULL),
(22, 2, 'step1', 22, '2018-07-17 23:07:14', '2018-07-17 23:07:28', 'FAILED', 0, 3, 0, 0, 0, 0, 0, 1, 'FAILED', 'org.springframework.dao.InvalidDataAccessApiUsageException: No value supplied for the SQL parameter \'EMail\': Invalid property \'EMail\' of bean class [com.msanduku.challenge.model.Users]: Bean property \'EMail\' is not readable or has an invalid getter method: Does the return type of the getter match the parameter type of the setter?\r\n	at org.springframework.jdbc.core.namedparam.NamedParameterUtils.buildValueArray(NamedParameterUtils.java:355)\r\n	at org.springframework.jdbc.core.namedparam.NamedParameterBatchUpdateUtils$1.setValues(NamedParameterBatchUpdateUtils.java:48)\r\n	at org.springframework.jdbc.core.JdbcTemplate.lambda$batchUpdate$2(JdbcTemplate.java:932)\r\n	at org.springframework.jdbc.core.JdbcTemplate.execute(JdbcTemplate.java:605)\r\n	at org.springframework.jdbc.core.JdbcTemplate.execute(JdbcTemplate.java:634)\r\n	at org.springframework.jdbc.core.JdbcTemplate.batchUpdate(JdbcTemplate.java:924)\r\n	at org.springframework.jdbc.core.namedparam.NamedParameterBatchUpdateUtils.executeBatchUpdateWithNamedParameters(NamedParameterBatchUpdateUtils.java:43)\r\n	at org.springframework.jdbc.core.namedparam.NamedParameterJdbcTemplate.batchUpdate(NamedParameterJdbcTemplate.java:355)\r\n	at org.springframework.batch.item.database.JdbcBatchItemWriter.write(JdbcBatchItemWriter.java:182)\r\n	at org.springframework.batch.core.step.item.SimpleChunkProcessor.writeItems(SimpleChunkProcessor.java:185)\r\n	at org.springframework.batch.core.step.item.SimpleChunkProcessor.doWrite(SimpleChunkProcessor.java:151)\r\n	at org.springframework.batch.core.step.item.SimpleChunkProcessor.write(SimpleChunkProcessor.java:284)\r\n	at org.springframework.batch.core.step.item.SimpleChunkProcessor.process(SimpleChunkProcessor.java:209)\r\n	at org.springframework.batch.core.step.item.ChunkOrientedTasklet.execute(ChunkOrientedTasklet.java:75)\r\n	at org.springframework.batch.core.step.tasklet.TaskletStep$ChunkTransactionCallback.doInTransaction(TaskletStep.java:406)\r\n	at org.springframework.batch.core.step.tasklet.TaskletStep$ChunkTransactionCallback.doInTransaction(TaskletStep.java:330)\r\n	at org.springframework.transaction.support.TransactionTemplate.execute(TransactionTemplate.java:140)\r\n	at org.springframework.batch.core.step.tasklet.TaskletStep$2.doInChunkContext(TaskletStep.java:272)\r\n	at org.springframework.batch.core.scope.context.StepContextRepeatCallback.doInIteration(StepContextRepeatCallback.java:81)\r\n	at org.springframework.batch.repeat.support.RepeatTemplate.getNextResult(RepeatTemplate.java:375)\r\n	at org', '2018-07-17 23:07:28', NULL),
(23, 2, 'step1', 23, '2018-07-17 23:08:43', '2018-07-17 23:08:56', 'FAILED', 0, 3, 0, 0, 0, 0, 0, 1, 'FAILED', 'org.springframework.dao.InvalidDataAccessApiUsageException: No value supplied for the SQL parameter \'DateofBirth\': Invalid property \'DateofBirth\' of bean class [com.msanduku.challenge.model.Users]: Bean property \'DateofBirth\' is not readable or has an invalid getter method: Does the return type of the getter match the parameter type of the setter?\r\n	at org.springframework.jdbc.core.namedparam.NamedParameterUtils.buildValueArray(NamedParameterUtils.java:355)\r\n	at org.springframework.jdbc.core.namedparam.NamedParameterBatchUpdateUtils$1.setValues(NamedParameterBatchUpdateUtils.java:48)\r\n	at org.springframework.jdbc.core.JdbcTemplate.lambda$batchUpdate$2(JdbcTemplate.java:932)\r\n	at org.springframework.jdbc.core.JdbcTemplate.execute(JdbcTemplate.java:605)\r\n	at org.springframework.jdbc.core.JdbcTemplate.execute(JdbcTemplate.java:634)\r\n	at org.springframework.jdbc.core.JdbcTemplate.batchUpdate(JdbcTemplate.java:924)\r\n	at org.springframework.jdbc.core.namedparam.NamedParameterBatchUpdateUtils.executeBatchUpdateWithNamedParameters(NamedParameterBatchUpdateUtils.java:43)\r\n	at org.springframework.jdbc.core.namedparam.NamedParameterJdbcTemplate.batchUpdate(NamedParameterJdbcTemplate.java:355)\r\n	at org.springframework.batch.item.database.JdbcBatchItemWriter.write(JdbcBatchItemWriter.java:182)\r\n	at org.springframework.batch.core.step.item.SimpleChunkProcessor.writeItems(SimpleChunkProcessor.java:185)\r\n	at org.springframework.batch.core.step.item.SimpleChunkProcessor.doWrite(SimpleChunkProcessor.java:151)\r\n	at org.springframework.batch.core.step.item.SimpleChunkProcessor.write(SimpleChunkProcessor.java:284)\r\n	at org.springframework.batch.core.step.item.SimpleChunkProcessor.process(SimpleChunkProcessor.java:209)\r\n	at org.springframework.batch.core.step.item.ChunkOrientedTasklet.execute(ChunkOrientedTasklet.java:75)\r\n	at org.springframework.batch.core.step.tasklet.TaskletStep$ChunkTransactionCallback.doInTransaction(TaskletStep.java:406)\r\n	at org.springframework.batch.core.step.tasklet.TaskletStep$ChunkTransactionCallback.doInTransaction(TaskletStep.java:330)\r\n	at org.springframework.transaction.support.TransactionTemplate.execute(TransactionTemplate.java:140)\r\n	at org.springframework.batch.core.step.tasklet.TaskletStep$2.doInChunkContext(TaskletStep.java:272)\r\n	at org.springframework.batch.core.scope.context.StepContextRepeatCallback.doInIteration(StepContextRepeatCallback.java:81)\r\n	at org.springframework.batch.repeat.support.RepeatTemplate.getNextResult(RepeatTemplate.', '2018-07-17 23:08:56', NULL),
(24, 30, 'step1', 24, '2018-07-17 23:09:59', '2018-07-17 23:10:15', 'FAILED', 28, 87, 0, 84, 0, 0, 0, 1, 'FAILED', 'org.springframework.dao.DataIntegrityViolationException: PreparedStatementCallback; SQL [INSERT INTO users(PKColumn,EmpID , NamePrefix, FirstName, MiddleInitial, LastName, Gender, EMail, FatherName, MotherName, MotherMaidenName, DateofBirth) VALUES ( null,? , ?, ?, ?, ?, ?, ?, ?, ?, ?, ?)Data truncation: Data too long for column \'EMail\' at row 1; nested exception is java.sql.BatchUpdateException: Data truncation: Data too long for column \'EMail\' at row 1\r\n	at org.springframework.jdbc.support.SQLStateSQLExceptionTranslator.doTranslate(SQLStateSQLExceptionTranslator.java:104)\r\n	at org.springframework.jdbc.support.AbstractFallbackSQLExceptionTranslator.translate(AbstractFallbackSQLExceptionTranslator.java:72)\r\n	at org.springframework.jdbc.support.AbstractFallbackSQLExceptionTranslator.translate(AbstractFallbackSQLExceptionTranslator.java:81)\r\n	at org.springframework.jdbc.support.AbstractFallbackSQLExceptionTranslator.translate(AbstractFallbackSQLExceptionTranslator.java:81)\r\n	at org.springframework.jdbc.core.JdbcTemplate.translateException(JdbcTemplate.java:1402)\r\n	at org.springframework.jdbc.core.JdbcTemplate.execute(JdbcTemplate.java:620)\r\n	at org.springframework.jdbc.core.JdbcTemplate.execute(JdbcTemplate.java:634)\r\n	at org.springframework.jdbc.core.JdbcTemplate.batchUpdate(JdbcTemplate.java:924)\r\n	at org.springframework.jdbc.core.namedparam.NamedParameterBatchUpdateUtils.executeBatchUpdateWithNamedParameters(NamedParameterBatchUpdateUtils.java:43)\r\n	at org.springframework.jdbc.core.namedparam.NamedParameterJdbcTemplate.batchUpdate(NamedParameterJdbcTemplate.java:355)\r\n	at org.springframework.batch.item.database.JdbcBatchItemWriter.write(JdbcBatchItemWriter.java:182)\r\n	at org.springframework.batch.core.step.item.SimpleChunkProcessor.writeItems(SimpleChunkProcessor.java:185)\r\n	at org.springframework.batch.core.step.item.SimpleChunkProcessor.doWrite(SimpleChunkProcessor.java:151)\r\n	at org.springframework.batch.core.step.item.SimpleChunkProcessor.write(SimpleChunkProcessor.java:284)\r\n	at org.springframework.batch.core.step.item.SimpleChunkProcessor.process(SimpleChunkProcessor.java:209)\r\n	at org.springframework.batch.core.step.item.ChunkOrientedTasklet.execute(ChunkOrientedTasklet.java:75)\r\n	at org.springframework.batch.core.step.tasklet.TaskletStep$ChunkTransactionCallback.doInTransaction(TaskletStep.java:406)\r\n	at org.springframework.batch.core.step.tasklet.TaskletStep$ChunkTransactionCallback.doInTransaction(TaskletStep.java:330)\r\n	at org.springframework.t', '2018-07-17 23:10:15', NULL),
(25, 2269, 'step1', 25, '2018-07-17 23:11:43', '2018-07-17 23:14:45', 'FAILED', 2267, 6801, 0, 6801, 0, 0, 0, 0, 'FAILED', 'org.springframework.transaction.CannotCreateTransactionException: Could not open JDBC Connection for transaction; nested exception is com.mysql.jdbc.exceptions.jdbc4.CommunicationsException: Communications link failure\n\nThe last packet successfully received from the server was 68 milliseconds ago.  The last packet sent successfully to the server was 68 milliseconds ago.\r\n	at org.springframework.jdbc.datasource.DataSourceTransactionManager.doBegin(DataSourceTransactionManager.java:305)\r\n	at org.springframework.transaction.support.AbstractPlatformTransactionManager.getTransaction(AbstractPlatformTransactionManager.java:378)\r\n	at sun.reflect.GeneratedMethodAccessor42.invoke(Unknown Source)\r\n	at sun.reflect.DelegatingMethodAccessorImpl.invoke(DelegatingMethodAccessorImpl.java:43)\r\n	at java.lang.reflect.Method.invoke(Method.java:498)\r\n	at org.springframework.aop.support.AopUtils.invokeJoinpointUsingReflection(AopUtils.java:343)\r\n	at org.springframework.aop.framework.ReflectiveMethodInvocation.invokeJoinpoint(ReflectiveMethodInvocation.java:197)\r\n	at org.springframework.aop.framework.ReflectiveMethodInvocation.proceed(ReflectiveMethodInvocation.java:163)\r\n	at org.springframework.batch.core.configuration.annotation.SimpleBatchConfiguration$PassthruAdvice.invoke(SimpleBatchConfiguration.java:127)\r\n	at org.springframework.aop.framework.ReflectiveMethodInvocation.proceed(ReflectiveMethodInvocation.java:185)\r\n	at org.springframework.aop.framework.JdkDynamicAopProxy.invoke(JdkDynamicAopProxy.java:212)\r\n	at com.sun.proxy.$Proxy61.getTransaction(Unknown Source)\r\n	at org.springframework.transaction.support.TransactionTemplate.execute(TransactionTemplate.java:137)\r\n	at org.springframework.batch.core.step.tasklet.TaskletStep$2.doInChunkContext(TaskletStep.java:272)\r\n	at org.springframework.batch.core.scope.context.StepContextRepeatCallback.doInIteration(StepContextRepeatCallback.java:81)\r\n	at org.springframework.batch.repeat.support.RepeatTemplate.getNextResult(RepeatTemplate.java:375)\r\n	at org.springframework.batch.repeat.support.RepeatTemplate.executeInternal(RepeatTemplate.java:215)\r\n	at org.springframework.batch.repeat.support.RepeatTemplate.iterate(RepeatTemplate.java:145)\r\n	at org.springframework.batch.core.step.tasklet.TaskletStep.doExecute(TaskletStep.java:257)\r\n	at org.springframework.batch.core.step.AbstractStep.execute(AbstractStep.java:200)\r\n	at org.springframework.batch.core.job.SimpleStepHandler.handleStep(SimpleStepHandler.java:148)\r\n	at org.springframework.', '2018-07-17 23:14:45', NULL),
(26, 1837, 'step1', 26, '2018-07-17 23:16:46', NULL, 'STARTED', 1836, 5508, 0, 5508, 0, 0, 0, 0, 'EXECUTING', '', '2018-07-17 23:19:09', NULL),
(27, 114, 'step1', 27, '2018-07-17 23:20:04', '2018-07-17 23:21:19', 'COMPLETED', 112, 100000, 0, 100000, 0, 0, 0, 0, 'COMPLETED', '', '2018-07-17 23:21:19', NULL),
(28, 8, 'step1', 28, '2018-07-17 23:22:39', '2018-07-17 23:23:22', 'COMPLETED', 6, 100000, 0, 100000, 0, 0, 0, 0, 'COMPLETED', '', '2018-07-17 23:23:22', NULL),
(29, 4, 'step1', 29, '2018-07-17 23:25:53', '2018-07-17 23:26:41', 'COMPLETED', 2, 100000, 0, 100000, 0, 0, 0, 0, 'COMPLETED', '', '2018-07-17 23:26:41', NULL),
(30, 5, 'step1', 30, '2018-07-17 23:28:14', '2018-07-17 23:28:47', 'COMPLETED', 3, 100000, 0, 100000, 0, 0, 0, 0, 'COMPLETED', '', '2018-07-17 23:28:47', NULL),
(31, 5, 'step1', 31, '2018-07-17 23:29:52', '2018-07-17 23:30:31', 'COMPLETED', 3, 100000, 0, 100000, 0, 0, 0, 0, 'COMPLETED', '', '2018-07-17 23:30:31', NULL),
(32, 5, 'step1', 32, '2018-07-17 23:31:21', '2018-07-17 23:32:01', 'COMPLETED', 3, 100000, 0, 100000, 0, 0, 0, 0, 'COMPLETED', '', '2018-07-17 23:32:01', NULL),
(33, 4, 'step1', 33, '2018-07-17 23:32:55', '2018-07-17 23:33:33', 'COMPLETED', 2, 100000, 0, 100000, 0, 0, 0, 0, 'COMPLETED', '', '2018-07-17 23:33:33', NULL),
(34, 3, 'step1', 34, '2018-07-18 01:22:27', '2018-07-18 01:23:38', 'FAILED', 1, 62243, 0, 60000, 0, 0, 0, 4, 'FAILED', 'org.springframework.batch.item.excel.ExcelFileParseException: Exception parsing Excel file.\r\n	at org.springframework.batch.item.excel.AbstractExcelItemReader.doRead(AbstractExcelItemReader.java:73)\r\n	at org.springframework.batch.item.support.AbstractItemCountingItemStreamItemReader.read(AbstractItemCountingItemStreamItemReader.java:89)\r\n	at org.springframework.batch.core.step.item.SimpleChunkProvider.doRead(SimpleChunkProvider.java:91)\r\n	at org.springframework.batch.core.step.item.SimpleChunkProvider.read(SimpleChunkProvider.java:157)\r\n	at org.springframework.batch.core.step.item.SimpleChunkProvider$1.doInIteration(SimpleChunkProvider.java:116)\r\n	at org.springframework.batch.repeat.support.RepeatTemplate.getNextResult(RepeatTemplate.java:375)\r\n	at org.springframework.batch.repeat.support.RepeatTemplate.executeInternal(RepeatTemplate.java:215)\r\n	at org.springframework.batch.repeat.support.RepeatTemplate.iterate(RepeatTemplate.java:145)\r\n	at org.springframework.batch.core.step.item.SimpleChunkProvider.provide(SimpleChunkProvider.java:110)\r\n	at org.springframework.batch.core.step.item.ChunkOrientedTasklet.execute(ChunkOrientedTasklet.java:69)\r\n	at org.springframework.batch.core.step.tasklet.TaskletStep$ChunkTransactionCallback.doInTransaction(TaskletStep.java:406)\r\n	at org.springframework.batch.core.step.tasklet.TaskletStep$ChunkTransactionCallback.doInTransaction(TaskletStep.java:330)\r\n	at org.springframework.transaction.support.TransactionTemplate.execute(TransactionTemplate.java:140)\r\n	at org.springframework.batch.core.step.tasklet.TaskletStep$2.doInChunkContext(TaskletStep.java:272)\r\n	at org.springframework.batch.core.scope.context.StepContextRepeatCallback.doInIteration(StepContextRepeatCallback.java:81)\r\n	at org.springframework.batch.repeat.support.TaskExecutorRepeatTemplate$ExecutingRunnable.run(TaskExecutorRepeatTemplate.java:262)\r\n	at java.util.concurrent.ThreadPoolExecutor.runWorker(ThreadPoolExecutor.java:1149)\r\n	at java.util.concurrent.ThreadPoolExecutor$Worker.run(ThreadPoolExecutor.java:624)\r\n	at java.lang.Thread.run(Thread.java:748)\r\nCaused by: java.lang.NullPointerException\r\n	at org.springframework.batch.item.excel.support.rowset.DefaultRowSet.getColumnValue(DefaultRowSet.java:71)\r\n	at com.msanduku.challenge.lib.ExcelRowMapper.mapRow(ExcelRowMapper.java:16)\r\n	at com.msanduku.challenge.lib.ExcelRowMapper.mapRow(ExcelRowMapper.java:11)\r\n	at org.springframework.batch.item.excel.AbstractExcelItemReader.doRead(AbstractExcelItemReader.java:70)\r\n	...', '2018-07-18 01:23:38', NULL),
(35, 3, 'step1', 35, '2018-07-18 10:02:52', '2018-07-18 10:03:13', 'COMPLETED', 1, 37793, 0, 37793, 0, 0, 0, 0, 'COMPLETED', '', '2018-07-18 10:03:13', NULL),
(36, 4, 'step1', 36, '2018-07-18 10:05:43', '2018-07-18 10:06:06', 'COMPLETED', 2, 100000, 0, 100000, 0, 0, 0, 0, 'COMPLETED', '', '2018-07-18 10:06:06', NULL),
(37, 2, 'step1', 37, '2018-07-18 10:16:04', '2018-07-18 10:16:38', 'FAILED', 0, 60000, 0, 0, 0, 0, 0, 1, 'FAILED', 'org.springframework.dao.DataIntegrityViolationException: PreparedStatementCallback; SQL [INSERT INTO users(PKColumn,EmpID , NamePrefix, FirstName, MiddleInitial, LastName, Gender, EMail, FatherName, MotherName, MotherMaidenName, DateofBirth) VALUES ( null,? , ?, ?, ?, ?, ?, ?, ?, ?, ?, ?)Data truncation: Incorrect integer value: \'EmpID\' for column \'EmpID\' at row 1; nested exception is java.sql.BatchUpdateException: Data truncation: Incorrect integer value: \'EmpID\' for column \'EmpID\' at row 1\r\n	at org.springframework.jdbc.support.SQLStateSQLExceptionTranslator.doTranslate(SQLStateSQLExceptionTranslator.java:104)\r\n	at org.springframework.jdbc.support.AbstractFallbackSQLExceptionTranslator.translate(AbstractFallbackSQLExceptionTranslator.java:72)\r\n	at org.springframework.jdbc.support.AbstractFallbackSQLExceptionTranslator.translate(AbstractFallbackSQLExceptionTranslator.java:81)\r\n	at org.springframework.jdbc.support.AbstractFallbackSQLExceptionTranslator.translate(AbstractFallbackSQLExceptionTranslator.java:81)\r\n	at org.springframework.jdbc.core.JdbcTemplate.translateException(JdbcTemplate.java:1402)\r\n	at org.springframework.jdbc.core.JdbcTemplate.execute(JdbcTemplate.java:620)\r\n	at org.springframework.jdbc.core.JdbcTemplate.execute(JdbcTemplate.java:634)\r\n	at org.springframework.jdbc.core.JdbcTemplate.batchUpdate(JdbcTemplate.java:924)\r\n	at org.springframework.jdbc.core.namedparam.NamedParameterBatchUpdateUtils.executeBatchUpdateWithNamedParameters(NamedParameterBatchUpdateUtils.java:43)\r\n	at org.springframework.jdbc.core.namedparam.NamedParameterJdbcTemplate.batchUpdate(NamedParameterJdbcTemplate.java:355)\r\n	at org.springframework.batch.item.database.JdbcBatchItemWriter.write(JdbcBatchItemWriter.java:182)\r\n	at org.springframework.batch.core.step.item.SimpleChunkProcessor.writeItems(SimpleChunkProcessor.java:185)\r\n	at org.springframework.batch.core.step.item.SimpleChunkProcessor.doWrite(SimpleChunkProcessor.java:151)\r\n	at org.springframework.batch.core.step.item.SimpleChunkProcessor.write(SimpleChunkProcessor.java:284)\r\n	at org.springframework.batch.core.step.item.SimpleChunkProcessor.process(SimpleChunkProcessor.java:209)\r\n	at org.springframework.batch.core.step.item.ChunkOrientedTasklet.execute(ChunkOrientedTasklet.java:75)\r\n	at org.springframework.batch.core.step.tasklet.TaskletStep$ChunkTransactionCallback.doInTransaction(TaskletStep.java:406)\r\n	at org.springframework.batch.core.step.tasklet.TaskletStep$ChunkTransactionCallback.doInTransaction(TaskletSte', '2018-07-18 10:16:38', NULL),
(38, 4, 'step1', 38, '2018-07-18 10:17:40', '2018-07-18 10:18:21', 'COMPLETED', 2, 100000, 0, 100000, 0, 0, 0, 0, 'COMPLETED', '', '2018-07-18 10:18:21', NULL),
(39, 4, 'step1', 39, '2018-07-18 10:18:52', '2018-07-18 10:19:17', 'COMPLETED', 2, 100000, 0, 100000, 0, 0, 0, 0, 'COMPLETED', '', '2018-07-18 10:19:17', NULL);

-- --------------------------------------------------------

--
-- Table structure for table `batch_step_execution_context`
--

CREATE TABLE `batch_step_execution_context` (
  `STEP_EXECUTION_ID` bigint(20) NOT NULL,
  `SHORT_CONTEXT` varchar(2500) NOT NULL,
  `SERIALIZED_CONTEXT` text
) ENGINE=InnoDB DEFAULT CHARSET=latin1;

--
-- Dumping data for table `batch_step_execution_context`
--

INSERT INTO `batch_step_execution_context` (`STEP_EXECUTION_ID`, `SHORT_CONTEXT`, `SERIALIZED_CONTEXT`) VALUES
(1, '{\"batch.taskletType\":\"org.springframework.batch.core.step.item.ChunkOrientedTasklet\",\"FlatFileItemReader.read.count\":0,\"batch.stepType\":\"org.springframework.batch.core.step.tasklet.TaskletStep\"}', NULL),
(2, '{\"batch.taskletType\":\"org.springframework.batch.core.step.item.ChunkOrientedTasklet\",\"FlatFileItemReader.read.count\":0,\"batch.stepType\":\"org.springframework.batch.core.step.tasklet.TaskletStep\"}', NULL),
(3, '{\"batch.taskletType\":\"org.springframework.batch.core.step.item.ChunkOrientedTasklet\",\"FlatFileItemReader.read.count\":0,\"batch.stepType\":\"org.springframework.batch.core.step.tasklet.TaskletStep\"}', NULL),
(4, '{\"batch.taskletType\":\"org.springframework.batch.core.step.item.ChunkOrientedTasklet\",\"FlatFileItemReader.read.count\":0,\"batch.stepType\":\"org.springframework.batch.core.step.tasklet.TaskletStep\"}', NULL),
(5, '{\"batch.taskletType\":\"org.springframework.batch.core.step.item.ChunkOrientedTasklet\",\"FlatFileItemReader.read.count\":0,\"batch.stepType\":\"org.springframework.batch.core.step.tasklet.TaskletStep\"}', NULL),
(6, '{\"batch.taskletType\":\"org.springframework.batch.core.step.item.ChunkOrientedTasklet\",\"FlatFileItemReader.read.count\":0,\"batch.stepType\":\"org.springframework.batch.core.step.tasklet.TaskletStep\"}', NULL),
(7, '{\"batch.taskletType\":\"org.springframework.batch.core.step.item.ChunkOrientedTasklet\",\"FlatFileItemReader.read.count\":0,\"batch.stepType\":\"org.springframework.batch.core.step.tasklet.TaskletStep\"}', NULL),
(8, '{\"batch.taskletType\":\"org.springframework.batch.core.step.item.ChunkOrientedTasklet\",\"FlatFileItemReader.read.count\":0,\"batch.stepType\":\"org.springframework.batch.core.step.tasklet.TaskletStep\"}', NULL),
(9, '{\"batch.taskletType\":\"org.springframework.batch.core.step.item.ChunkOrientedTasklet\",\"FlatFileItemReader.read.count\":0,\"batch.stepType\":\"org.springframework.batch.core.step.tasklet.TaskletStep\"}', NULL),
(10, '{\"batch.taskletType\":\"org.springframework.batch.core.step.item.ChunkOrientedTasklet\",\"FlatFileItemReader.read.count\":0,\"batch.stepType\":\"org.springframework.batch.core.step.tasklet.TaskletStep\"}', NULL),
(11, '{\"batch.taskletType\":\"org.springframework.batch.core.step.item.ChunkOrientedTasklet\",\"FlatFileItemReader.read.count\":0,\"batch.stepType\":\"org.springframework.batch.core.step.tasklet.TaskletStep\"}', NULL),
(12, '{\"batch.taskletType\":\"org.springframework.batch.core.step.item.ChunkOrientedTasklet\",\"FlatFileItemReader.read.count\":0,\"batch.stepType\":\"org.springframework.batch.core.step.tasklet.TaskletStep\"}', NULL),
(13, '{\"batch.taskletType\":\"org.springframework.batch.core.step.item.ChunkOrientedTasklet\",\"PoiItemReader.read.count\":0,\"FlatFileItemReader.read.count\":0,\"batch.stepType\":\"org.springframework.batch.core.step.tasklet.TaskletStep\"}', NULL),
(14, '{\"batch.taskletType\":\"org.springframework.batch.core.step.item.ChunkOrientedTasklet\",\"PoiItemReader.read.count\":0,\"FlatFileItemReader.read.count\":0,\"batch.stepType\":\"org.springframework.batch.core.step.tasklet.TaskletStep\"}', NULL),
(15, '{\"batch.taskletType\":\"org.springframework.batch.core.step.item.ChunkOrientedTasklet\",\"PoiItemReader.read.count\":0,\"FlatFileItemReader.read.count\":0,\"batch.stepType\":\"org.springframework.batch.core.step.tasklet.TaskletStep\"}', NULL),
(16, '{\"batch.taskletType\":\"org.springframework.batch.core.step.item.ChunkOrientedTasklet\",\"PoiItemReader.read.count\":0,\"FlatFileItemReader.read.count\":0,\"batch.stepType\":\"org.springframework.batch.core.step.tasklet.TaskletStep\"}', NULL),
(17, '{\"batch.taskletType\":\"org.springframework.batch.core.step.item.ChunkOrientedTasklet\",\"PoiItemReader.read.count\":0,\"FlatFileItemReader.read.count\":0,\"batch.stepType\":\"org.springframework.batch.core.step.tasklet.TaskletStep\"}', NULL),
(18, '{\"batch.taskletType\":\"org.springframework.batch.core.step.item.ChunkOrientedTasklet\",\"PoiItemReader.read.count\":0,\"FlatFileItemReader.read.count\":0,\"batch.stepType\":\"org.springframework.batch.core.step.tasklet.TaskletStep\"}', NULL),
(19, '{\"batch.taskletType\":\"org.springframework.batch.core.step.item.ChunkOrientedTasklet\",\"PoiItemReader.read.count\":0,\"FlatFileItemReader.read.count\":0,\"batch.stepType\":\"org.springframework.batch.core.step.tasklet.TaskletStep\"}', NULL),
(20, '{\"batch.taskletType\":\"org.springframework.batch.core.step.item.ChunkOrientedTasklet\",\"PoiItemReader.read.count\":0,\"FlatFileItemReader.read.count\":0,\"batch.stepType\":\"org.springframework.batch.core.step.tasklet.TaskletStep\"}', NULL),
(21, '{\"batch.taskletType\":\"org.springframework.batch.core.step.item.ChunkOrientedTasklet\",\"PoiItemReader.read.count\":0,\"FlatFileItemReader.read.count\":0,\"batch.stepType\":\"org.springframework.batch.core.step.tasklet.TaskletStep\"}', NULL),
(22, '{\"batch.taskletType\":\"org.springframework.batch.core.step.item.ChunkOrientedTasklet\",\"PoiItemReader.read.count\":0,\"FlatFileItemReader.read.count\":0,\"batch.stepType\":\"org.springframework.batch.core.step.tasklet.TaskletStep\"}', NULL),
(23, '{\"batch.taskletType\":\"org.springframework.batch.core.step.item.ChunkOrientedTasklet\",\"PoiItemReader.read.count\":0,\"FlatFileItemReader.read.count\":0,\"batch.stepType\":\"org.springframework.batch.core.step.tasklet.TaskletStep\"}', NULL),
(24, '{\"batch.taskletType\":\"org.springframework.batch.core.step.item.ChunkOrientedTasklet\",\"PoiItemReader.read.count\":84,\"FlatFileItemReader.read.count\":0,\"batch.stepType\":\"org.springframework.batch.core.step.tasklet.TaskletStep\"}', NULL),
(25, '{\"batch.taskletType\":\"org.springframework.batch.core.step.item.ChunkOrientedTasklet\",\"PoiItemReader.read.count\":6885,\"FlatFileItemReader.read.count\":0,\"batch.stepType\":\"org.springframework.batch.core.step.tasklet.TaskletStep\"}', NULL),
(26, '{\"batch.taskletType\":\"org.springframework.batch.core.step.item.ChunkOrientedTasklet\",\"PoiItemReader.read.count\":12393,\"FlatFileItemReader.read.count\":0,\"batch.stepType\":\"org.springframework.batch.core.step.tasklet.TaskletStep\"}', NULL),
(27, '{\"batch.taskletType\":\"org.springframework.batch.core.step.item.ChunkOrientedTasklet\",\"PoiItemReader.read.count\":100001,\"batch.stepType\":\"org.springframework.batch.core.step.tasklet.TaskletStep\"}', NULL),
(28, '{\"batch.taskletType\":\"org.springframework.batch.core.step.item.ChunkOrientedTasklet\",\"PoiItemReader.read.count\":100001,\"batch.stepType\":\"org.springframework.batch.core.step.tasklet.TaskletStep\"}', NULL),
(29, '{\"batch.taskletType\":\"org.springframework.batch.core.step.item.ChunkOrientedTasklet\",\"PoiItemReader.read.count\":100001,\"batch.stepType\":\"org.springframework.batch.core.step.tasklet.TaskletStep\"}', NULL),
(30, '{\"batch.taskletType\":\"org.springframework.batch.core.step.item.ChunkOrientedTasklet\",\"PoiItemReader.read.count\":100001,\"batch.stepType\":\"org.springframework.batch.core.step.tasklet.TaskletStep\"}', NULL),
(31, '{\"batch.taskletType\":\"org.springframework.batch.core.step.item.ChunkOrientedTasklet\",\"PoiItemReader.read.count\":100001,\"batch.stepType\":\"org.springframework.batch.core.step.tasklet.TaskletStep\"}', NULL),
(32, '{\"batch.taskletType\":\"org.springframework.batch.core.step.item.ChunkOrientedTasklet\",\"PoiItemReader.read.count\":100001,\"batch.stepType\":\"org.springframework.batch.core.step.tasklet.TaskletStep\"}', NULL),
(33, '{\"batch.taskletType\":\"org.springframework.batch.core.step.item.ChunkOrientedTasklet\",\"PoiItemReader.read.count\":100001,\"batch.stepType\":\"org.springframework.batch.core.step.tasklet.TaskletStep\"}', NULL),
(34, '{\"batch.taskletType\":\"org.springframework.batch.core.step.item.ChunkOrientedTasklet\",\"PoiItemReader.read.count\":62207,\"batch.stepType\":\"org.springframework.batch.core.step.tasklet.TaskletStep\"}', NULL),
(35, '{\"batch.taskletType\":\"org.springframework.batch.core.step.item.ChunkOrientedTasklet\",\"PoiItemReader.read.count\":100001,\"batch.stepType\":\"org.springframework.batch.core.step.tasklet.TaskletStep\"}', NULL),
(36, '{\"batch.taskletType\":\"org.springframework.batch.core.step.item.ChunkOrientedTasklet\",\"PoiItemReader.read.count\":100001,\"batch.stepType\":\"org.springframework.batch.core.step.tasklet.TaskletStep\"}', NULL),
(37, '{\"batch.taskletType\":\"org.springframework.batch.core.step.item.ChunkOrientedTasklet\",\"PoiItemReader.read.count\":0,\"batch.stepType\":\"org.springframework.batch.core.step.tasklet.TaskletStep\"}', NULL),
(38, '{\"batch.taskletType\":\"org.springframework.batch.core.step.item.ChunkOrientedTasklet\",\"PoiItemReader.read.count\":100001,\"batch.stepType\":\"org.springframework.batch.core.step.tasklet.TaskletStep\"}', NULL),
(39, '{\"batch.taskletType\":\"org.springframework.batch.core.step.item.ChunkOrientedTasklet\",\"PoiItemReader.read.count\":100001,\"batch.stepType\":\"org.springframework.batch.core.step.tasklet.TaskletStep\"}', NULL);

-- --------------------------------------------------------

--
-- Table structure for table `batch_step_execution_seq`
--

CREATE TABLE `batch_step_execution_seq` (
  `ID` bigint(20) NOT NULL,
  `UNIQUE_KEY` char(1) NOT NULL
) ENGINE=MyISAM DEFAULT CHARSET=latin1;

--
-- Dumping data for table `batch_step_execution_seq`
--

INSERT INTO `batch_step_execution_seq` (`ID`, `UNIQUE_KEY`) VALUES
(39, '');

-- --------------------------------------------------------

--
-- Table structure for table `users`
--

CREATE TABLE `users` (
  `PKColumn` int(11) NOT NULL,
  `EmpID` int(8) NOT NULL,
  `NamePrefix` varchar(10) NOT NULL,
  `FirstName` varchar(15) NOT NULL,
  `MiddleInitial` varchar(5) NOT NULL,
  `LastName` varchar(15) NOT NULL,
  `Gender` varchar(2) NOT NULL,
  `EMail` varchar(45) NOT NULL,
  `FatherName` varchar(30) NOT NULL,
  `MotherName` varchar(30) NOT NULL,
  `MotherMaidenName` varchar(30) NOT NULL,
  `DateofBirth` varchar(20) NOT NULL
) ENGINE=InnoDB DEFAULT CHARSET=latin1;

--
-- Indexes for dumped tables
--

--
-- Indexes for table `batch_job_execution`
--
ALTER TABLE `batch_job_execution`
  ADD PRIMARY KEY (`JOB_EXECUTION_ID`),
  ADD KEY `JOB_INST_EXEC_FK` (`JOB_INSTANCE_ID`);

--
-- Indexes for table `batch_job_execution_context`
--
ALTER TABLE `batch_job_execution_context`
  ADD PRIMARY KEY (`JOB_EXECUTION_ID`);

--
-- Indexes for table `batch_job_execution_params`
--
ALTER TABLE `batch_job_execution_params`
  ADD KEY `JOB_EXEC_PARAMS_FK` (`JOB_EXECUTION_ID`);

--
-- Indexes for table `batch_job_execution_seq`
--
ALTER TABLE `batch_job_execution_seq`
  ADD UNIQUE KEY `UNIQUE_KEY_UN` (`UNIQUE_KEY`);

--
-- Indexes for table `batch_job_instance`
--
ALTER TABLE `batch_job_instance`
  ADD PRIMARY KEY (`JOB_INSTANCE_ID`),
  ADD UNIQUE KEY `JOB_INST_UN` (`JOB_NAME`,`JOB_KEY`);

--
-- Indexes for table `batch_job_params`
--
ALTER TABLE `batch_job_params`
  ADD KEY `JOB_INST_PARAMS_FK` (`JOB_INSTANCE_ID`);

--
-- Indexes for table `batch_job_seq`
--
ALTER TABLE `batch_job_seq`
  ADD UNIQUE KEY `UNIQUE_KEY_UN` (`UNIQUE_KEY`);

--
-- Indexes for table `batch_step_execution`
--
ALTER TABLE `batch_step_execution`
  ADD PRIMARY KEY (`STEP_EXECUTION_ID`),
  ADD KEY `JOB_EXEC_STEP_FK` (`JOB_EXECUTION_ID`);

--
-- Indexes for table `batch_step_execution_context`
--
ALTER TABLE `batch_step_execution_context`
  ADD PRIMARY KEY (`STEP_EXECUTION_ID`);

--
-- Indexes for table `batch_step_execution_seq`
--
ALTER TABLE `batch_step_execution_seq`
  ADD UNIQUE KEY `UNIQUE_KEY_UN` (`UNIQUE_KEY`);

--
-- Indexes for table `users`
--
ALTER TABLE `users`
  ADD PRIMARY KEY (`PKColumn`);

--
-- AUTO_INCREMENT for dumped tables
--

--
-- AUTO_INCREMENT for table `users`
--
ALTER TABLE `users`
  MODIFY `PKColumn` int(11) NOT NULL AUTO_INCREMENT;

--
-- Constraints for dumped tables
--

--
-- Constraints for table `batch_job_execution`
--
ALTER TABLE `batch_job_execution`
  ADD CONSTRAINT `JOB_INST_EXEC_FK` FOREIGN KEY (`JOB_INSTANCE_ID`) REFERENCES `batch_job_instance` (`JOB_INSTANCE_ID`);

--
-- Constraints for table `batch_job_execution_context`
--
ALTER TABLE `batch_job_execution_context`
  ADD CONSTRAINT `JOB_EXEC_CTX_FK` FOREIGN KEY (`JOB_EXECUTION_ID`) REFERENCES `batch_job_execution` (`JOB_EXECUTION_ID`);

--
-- Constraints for table `batch_job_execution_params`
--
ALTER TABLE `batch_job_execution_params`
  ADD CONSTRAINT `JOB_EXEC_PARAMS_FK` FOREIGN KEY (`JOB_EXECUTION_ID`) REFERENCES `batch_job_execution` (`JOB_EXECUTION_ID`);

--
-- Constraints for table `batch_job_params`
--
ALTER TABLE `batch_job_params`
  ADD CONSTRAINT `JOB_INST_PARAMS_FK` FOREIGN KEY (`JOB_INSTANCE_ID`) REFERENCES `batch_job_instance` (`JOB_INSTANCE_ID`);

--
-- Constraints for table `batch_step_execution`
--
ALTER TABLE `batch_step_execution`
  ADD CONSTRAINT `JOB_EXEC_STEP_FK` FOREIGN KEY (`JOB_EXECUTION_ID`) REFERENCES `batch_job_execution` (`JOB_EXECUTION_ID`);

--
-- Constraints for table `batch_step_execution_context`
--
ALTER TABLE `batch_step_execution_context`
  ADD CONSTRAINT `STEP_EXEC_CTX_FK` FOREIGN KEY (`STEP_EXECUTION_ID`) REFERENCES `batch_step_execution` (`STEP_EXECUTION_ID`);
COMMIT;

/*!40101 SET CHARACTER_SET_CLIENT=@OLD_CHARACTER_SET_CLIENT */;
/*!40101 SET CHARACTER_SET_RESULTS=@OLD_CHARACTER_SET_RESULTS */;
/*!40101 SET COLLATION_CONNECTION=@OLD_COLLATION_CONNECTION */;
